"Step","Group: sfirah-d24 - eval_n@0.05","Group: sfirah-d24 - eval_n@0.05__MIN","Group: sfirah-d24 - eval_n@0.05__MAX","Group: pythia-70m - eval_n@0.05","Group: pythia-70m - eval_n@0.05__MIN","Group: pythia-70m - eval_n@0.05__MAX","Group: sfirah-w1024 - eval_n@0.05","Group: sfirah-w1024 - eval_n@0.05__MIN","Group: sfirah-w1024 - eval_n@0.05__MAX","Group: sfirah-w512 - eval_n@0.05","Group: sfirah-w512 - eval_n@0.05__MIN","Group: sfirah-w512 - eval_n@0.05__MAX","Group: sfirah-w256 - eval_n@0.05","Group: sfirah-w256 - eval_n@0.05__MIN","Group: sfirah-w256 - eval_n@0.05__MAX","Group: sfirah-w128 - eval_n@0.05","Group: sfirah-w128 - eval_n@0.05__MIN","Group: sfirah-w128 - eval_n@0.05__MAX","Group: sfirah-d18 - eval_n@0.05","Group: sfirah-d18 - eval_n@0.05__MIN","Group: sfirah-d18 - eval_n@0.05__MAX","Group: sfirah-d12 - eval_n@0.05","Group: sfirah-d12 - eval_n@0.05__MIN","Group: sfirah-d12 - eval_n@0.05__MAX","Group: sfirah-d6 - eval_n@0.05","Group: sfirah-d6 - eval_n@0.05__MIN","Group: sfirah-d6 - eval_n@0.05__MAX","Group: pythia-160m - eval_n@0.05","Group: pythia-160m - eval_n@0.05__MIN","Group: pythia-160m - eval_n@0.05__MAX","Group: pythia-31m - eval_n@0.05","Group: pythia-31m - eval_n@0.05__MIN","Group: pythia-31m - eval_n@0.05__MAX","Group: pythia-14m - eval_n@0.05","Group: pythia-14m - eval_n@0.05__MIN","Group: pythia-14m - eval_n@0.05__MAX"
"1057","1","1","1","1","1","1","1","1","1","1","1","1","1","1","1","1","1","1","1","1","1","1","1","1","1","1","1","1","1","1","1","1","1","1","1","1"
"2057","1","1","1","1.2","1","2","2","2","2","1","1","1","1","1","1","1","1","1","1","1","1","1","1","1","1","1","1","2","2","2","1","1","1","1","1","1"
"3057","1","1","1","2","2","2","2","2","2","1","1","1","1","1","1","1","1","1","2","2","2","2","2","2","1","1","1","2.6","2","3","2","2","2","1","1","1"
"4057","2","2","2","2","2","2","2","2","2","2","2","2","1","1","1","1","1","1","2","2","2","2","2","2","2","2","2","2.6","2","3","2","2","2","1.8","1","2"
"5057","2","2","2","2","2","2","2","2","2","2","2","2","1","1","1","1","1","1","2","2","2","2","2","2","2","2","2","3","3","3","2","2","2","1.8","1","2"
"6057","2","2","2","2","2","2","2","2","2","2","2","2","1","1","1","1","1","1","2","2","2","2","2","2","2","2","2","3","3","3","2","2","2","2","2","2"
"7057","2","2","2","2","2","2","2.2","2","3","2","2","2","1","1","1","1","1","1","2","2","2","2","2","2","2","2","2","3.2","3","4","2","2","2","2","2","2"
"8057","2","2","2","2.4","2","3","2.6","2","3","2","2","2","2","2","2","1","1","1","2","2","2","2","2","2","2","2","2","3.2","3","4","2.4","2","3","2","2","2"
"9057","2.1666666666666665","2","3","2.4","2","3","3.2","3","4","2","2","2","2","2","2","1","1","1","2","2","2","2","2","2","2","2","2","4","4","4","2.4","2","3","2","2","2"
"10057","2.3333333333333335","2","3","3","3","3","3.6","3","4","2","2","2","2","2","2","1","1","1","2","2","2","2.4","2","3","2","2","2","4","4","4","2.4","2","3","2.2","2","3"
"11057","2.6666666666666665","2","4","3","3","3","3.8","3","4","2","2","2","2","2","2","1","1","1","2.2","2","3","2.6","2","3","2","2","2","4","4","4","2.4","2","3","2.4","2","3"
"12057","2.8333333333333335","2","4","3","3","3","4","4","4","2.2","2","3","2","2","2","1","1","1","2.6","2","3","3.2","2","4","2.6","2","3","4","4","4","2.6","2","3","2.4","2","3"
"13057","3.3333333333333335","2","4","3","3","3","4","4","4","2.4","2","3","2","2","2","1","1","1","3.2","2","4","3.8","3","4","3","3","3","4","4","4","2.8","2","3","3","3","3"
"14057","3.6666666666666665","2","4","3.4","3","4","4","4","4","2.6","2","3","2","2","2","1","1","1","3.6","3","4","3.8","3","4","3.2","3","4","4","4","4","2.8","2","3","3","3","3"
"15057","3.8333333333333335","3","4","3.6","3","4","4","4","4","2.8","2","4","2","2","2","1","1","1","4","4","4","4","4","4","3.8","3","4","4","4","4","3","2","4","3","3","3"
"16057","4","4","4","4","4","4","4","4","4","3.2","3","4","2","2","2","1","1","1","4","4","4","4","4","4","3.8","3","4","4","4","4","3.2","2","4","3.2","3","4"
"17057","4","4","4","4","4","4","4","4","4","3.4","3","4","2","2","2","1","1","1","4","4","4","4","4","4","4","4","4","4","4","4","3.6","3","4","3.4","3","4"
"18057","4","4","4","4","4","4","4","4","4","3.4","3","4","2","2","2","1","1","1","4","4","4","4","4","4","4","4","4","4","4","4","3.6","3","4","3.6","3","4"
"19057","4","4","4","4","4","4","4","4","4","3.6","3","4","2","2","2","1","1","1","4","4","4","4","4","4","4","4","4","4","4","4","3.6","3","4","3.6","3","4"
"20057","4","4","4","4","4","4","4","4","4","4","4","4","2","2","2","1","1","1","4","4","4","4","4","4","4","4","4","4","4","4","3.6","3","4","4","4","4"
"21057","4","4","4","4","4","4","4","4","4","4","4","4","2.2","2","3","1.4","1","2","4","4","4","4","4","4","4","4","4","4","4","4","3.8","3","4","4","4","4"
"22057","4","4","4","4","4","4","4","4","4","4","4","4","2.2","2","3","2","2","2","4","4","4","4","4","4","4","4","4","4","4","4","4","4","4","4","4","4"
"23057","4","4","4","4","4","4","4","4","4","4","4","4","2.6","2","3","2","2","2","4","4","4","4","4","4","4","4","4","4","4","4","4","4","4","4","4","4"
"24057","4","4","4","4","4","4","4","4","4","4","4","4","2.8","2","4","2","2","2","4","4","4","4","4","4","4","4","4","4","4","4","4","4","4","4","4","4"
"25057","4","4","4","4","4","4","4","4","4","4","4","4","3.2","2","4","2","2","2","4","4","4","4","4","4","4","4","4","4","4","4","4","4","4","4","4","4"
"26057","4","4","4","4","4","4","4","4","4","4","4","4","3.2","2","4","2","2","2","4","4","4","4","4","4","4","4","4","4","4","4","4","4","4","4","4","4"
"27057","4","4","4","4","4","4","4","4","4","4","4","4","3.2","2","4","2","2","2","4","4","4","4","4","4","4","4","4","4","4","4","4","4","4","4","4","4"
"28057","4","4","4","4","4","4","4","4","4","4","4","4","3.4","2","4","2","2","2","4","4","4","4","4","4","4","4","4","4","4","4","4","4","4","4","4","4"
"29057","4","4","4","4","4","4","4","4","4","4","4","4","3.6","3","4","2","2","2","4","4","4","4","4","4","4","4","4","4","4","4","4","4","4","4","4","4"
"30057","4","4","4","4","4","4","4","4","4","4","4","4","3.6","3","4","2","2","2","4","4","4","4","4","4","4","4","4","4","4","4","4","4","4","4","4","4"
"31057","4","4","4","4","4","4","4","4","4","4","4","4","4","4","4","2","2","2","4","4","4","4","4","4","4","4","4","4","4","4","4","4","4","4","4","4"
"32057","4","4","4","4","4","4","4","4","4","4","4","4","4","4","4","2","2","2","4","4","4","4","4","4","4","4","4","4","4","4","4","4","4","4","4","4"
"33057","4","4","4","4","4","4","4","4","4","4","4","4","4","4","4","2","2","2","4","4","4","4","4","4","4","4","4","4","4","4","4","4","4","4","4","4"
"34057","4","4","4","4","4","4","4","4","4","4","4","4","4","4","4","2","2","2","4","4","4","4","4","4","4","4","4","4","4","4","4","4","4","4","4","4"
"35057","4","4","4","4","4","4","4","4","4","4","4","4","4","4","4","2.2","2","3","4","4","4","4","4","4","4","4","4","4","4","4","4","4","4","4","4","4"
"36057","4","4","4","4","4","4","4","4","4","4","4","4","4","4","4","2.2","2","3","4","4","4","4","4","4","4","4","4","4","4","4","4","4","4","4","4","4"
"37057","4","4","4","4","4","4","4","4","4","4","4","4","4","4","4","2.2","2","3","4","4","4","4","4","4","4","4","4","4","4","4","4","4","4","4","4","4"
"38057","4","4","4","4","4","4","4","4","4","4","4","4","4","4","4","2.2","2","3","4","4","4","4","4","4","4","4","4","4","4","4","4","4","4","4","4","4"
"39057","4","4","4","4","4","4","4","4","4","4","4","4","4","4","4","2.4","2","4","4","4","4","4","4","4","4","4","4","4","4","4","4","4","4","4","4","4"
"40057","4","4","4","4","4","4","4","4","4","4","4","4","4","4","4","2.4","2","4","4","4","4","4","4","4","4","4","4","4","4","4","4","4","4","4","4","4"
"41057","4","4","4","4","4","4","4","4","4","4","4","4","4","4","4","2.4","2","4","4","4","4","4","4","4","4","4","4","4","4","4","4","4","4","4","4","4"
"42057","4","4","4","4","4","4","4","4","4","4","4","4","4","4","4","2.4","2","4","4","4","4","4","4","4","4","4","4","4","4","4","4","4","4","4","4","4"
"43057","4","4","4","4","4","4","4","4","4","4","4","4","4","4","4","2.4","2","4","4","4","4","4","4","4","4","4","4","4","4","4","4","4","4","4","4","4"
"44057","4","4","4","4","4","4","4","4","4","4","4","4","4","4","4","2.4","2","4","4","4","4","4","4","4","4","4","4","4","4","4","4","4","4","4","4","4"
"45057","4","4","4","4","4","4","4","4","4","4","4","4","4","4","4","2.4","2","4","4","4","4","4","4","4","4","4","4","4","4","4","4","4","4","4","4","4"
"46057","4","4","4","4","4","4","4","4","4","4","4","4","4","4","4","2.6","2","4","4","4","4","4","4","4","4","4","4","4","4","4","4","4","4","4","4","4"
"47057","4","4","4","4","4","4","4","4","4","4","4","4","4","4","4","2.6","2","4","4","4","4","4","4","4","4","4","4","4","4","4","4","4","4","4","4","4"
"48057","4","4","4","4","4","4","4","4","4","4","4","4","4","4","4","2.6","2","4","4","4","4","4","4","4","4","4","4","4","4","4","4","4","4","4","4","4"
"49057","4","4","4","4","4","4","4","4","4","4","4","4","4","4","4","2.6","2","4","4","4","4","4","4","4","4","4","4","4","4","4","4","4","4","4","4","4"
"50057","4","4","4","4","4","4","4","4","4","4","4","4","4","4","4","2.6","2","4","4","4","4","4","4","4","4","4","4","4","4","4","4","4","4","4","4","4"
"51057","4","4","4","4","4","4","4","4","4","4","4","4","4","4","4","2.8","2","4","4","4","4","4","4","4","4","4","4","4","4","4","4","4","4","4","4","4"
"52057","4","4","4","4","4","4","4","4","4","4","4","4","4","4","4","2.8","2","4","4","4","4","4","4","4","4","4","4","4","4","4","4","4","4","4","4","4"
"53057","4.166666666666667","4","5","4","4","4","4","4","4","4","4","4","4","4","4","2.8","2","4","4","4","4","4","4","4","4","4","4","4","4","4","4","4","4","4","4","4"
"54057","4","4","4","4","4","4","4","4","4","4","4","4","4","4","4","2.8","2","4","4","4","4","4","4","4","4","4","4","4","4","4","4","4","4","4","4","4"
"55057","4","4","4","4","4","4","4","4","4","4","4","4","4","4","4","2.8","2","4","4.2","4","5","4","4","4","4","4","4","4","4","4","4","4","4","4","4","4"
"56057","4","4","4","4","4","4","4","4","4","4","4","4","4","4","4","3","2","4","4","4","4","4","4","4","4","4","4","4","4","4","4","4","4","4","4","4"
"57057","4","4","4","4","4","4","4","4","4","4","4","4","4","4","4","3","2","4","4","4","4","4","4","4","4","4","4","4","4","4","4","4","4","4","4","4"
"58057","4","4","4","4","4","4","4","4","4","4","4","4","4","4","4","3","2","4","4","4","4","4","4","4","4","4","4","4","4","4","4","4","4","4","4","4"
"59057","4","4","4","4","4","4","4","4","4","4","4","4","4","4","4","3.2","2","4","4","4","4","4","4","4","4","4","4","4","4","4","4","4","4","4","4","4"
"60057","4","4","4","4","4","4","4","4","4","4","4","4","4","4","4","3.4","2","4","4","4","4","4","4","4","4","4","4","4","4","4","4","4","4","4","4","4"
"61057","4","4","4","4","4","4","4","4","4","4","4","4","4","4","4","3.4","2","4","4.2","4","5","4","4","4","4","4","4","4","4","4","4","4","4","4","4","4"
"62057","4","4","4","4","4","4","4","4","4","4","4","4","4","4","4","3.4","2","4","4","4","4","4","4","4","4","4","4","4","4","4","4","4","4","4","4","4"
"63057","4","4","4","4","4","4","4","4","4","4","4","4","4","4","4","3.4","2","4","4","4","4","4","4","4","4","4","4","4","4","4","4","4","4","4","4","4"
"64057","4","4","4","4","4","4","4","4","4","4","4","4","4","4","4","3.6","3","4","4","4","4","4","4","4","4","4","4","4","4","4","4","4","4","4","4","4"
"65057","4","4","4","4","4","4","4","4","4","4","4","4","4","4","4","3.6","3","4","4","4","4","4","4","4","4","4","4","4","4","4","4","4","4","4","4","4"
"66057","4","4","4","4","4","4","4","4","4","4","4","4","4","4","4","3.6","3","4","4.2","4","5","4","4","4","4","4","4","4","4","4","4","4","4","4","4","4"
"67057","4","4","4","4","4","4","4","4","4","4","4","4","4","4","4","3.8","3","4","4","4","4","4","4","4","4","4","4","4","4","4","4","4","4","4","4","4"
"68057","4","4","4","4","4","4","4","4","4","4","4","4","4","4","4","3.8","3","4","4","4","4","4","4","4","4","4","4","4","4","4","4","4","4","4","4","4"
"69057","4","4","4","4","4","4","4","4","4","4","4","4","4","4","4","3.8","3","4","4","4","4","4","4","4","4","4","4","4","4","4","4","4","4","4","4","4"
"70057","4","4","4","4","4","4","4","4","4","4","4","4","4","4","4","3.8","3","4","4.2","4","5","4","4","4","4","4","4","4","4","4","4","4","4","4","4","4"
"71057","4","4","4","4","4","4","4","4","4","4","4","4","4","4","4","3.8","3","4","4","4","4","4","4","4","4","4","4","4","4","4","4","4","4","4","4","4"
"72057","4","4","4","4","4","4","4","4","4","4","4","4","4","4","4","4","4","4","4.2","4","5","4","4","4","4","4","4","4","4","4","4","4","4","4","4","4"
"73057","4","4","4","4","4","4","4","4","4","4","4","4","4","4","4","3.8","3","4","4.2","4","5","4","4","4","4","4","4","4","4","4","4","4","4","4","4","4"
"74057","4","4","4","4","4","4","4","4","4","4","4","4","4","4","4","3.8","3","4","4.4","4","5","4","4","4","4","4","4","4","4","4","4","4","4","4","4","4"
"75057","4","4","4","4","4","4","4","4","4","4","4","4","4","4","4","4","4","4","4","4","4","4","4","4","4","4","4","4","4","4","4","4","4","4","4","4"
"76057","4.166666666666667","4","5","4","4","4","4","4","4","4","4","4","4","4","4","4","4","4","4","4","4","4","4","4","4","4","4","4","4","4","4","4","4","4","4","4"
"77057","4","4","4","4","4","4","4","4","4","4","4","4","4","4","4","4","4","4","4","4","4","4","4","4","4","4","4","4","4","4","4","4","4","4","4","4"
"78057","4","4","4","4","4","4","4","4","4","4","4","4","4","4","4","3.8","3","4","4.2","4","5","4","4","4","4","4","4","4","4","4","4","4","4","4","4","4"
"79057","4","4","4","4","4","4","4","4","4","4","4","4","4","4","4","4","4","4","4","4","4","4","4","4","4","4","4","4","4","4","4","4","4","4","4","4"
"80057","4.166666666666667","4","5","4","4","4","4","4","4","4","4","4","4","4","4","4","4","4","4","4","4","4","4","4","4","4","4","4","4","4","4","4","4","4","4","4"
"81057","4","4","4","4","4","4","4","4","4","4","4","4","4","4","4","4","4","4","4","4","4","4","4","4","4","4","4","4","4","4","4","4","4","4","4","4"
"82057","4.333333333333333","4","5","4","4","4","4","4","4","4","4","4","4","4","4","4","4","4","4","4","4","4","4","4","4","4","4","4","4","4","4","4","4","4","4","4"
"83057","4","4","4","4","4","4","4","4","4","4","4","4","4","4","4","4","4","4","4","4","4","4","4","4","4","4","4","4","4","4","4","4","4","4","4","4"
"84057","4.333333333333333","4","5","4","4","4","4","4","4","4","4","4","4","4","4","4","4","4","4","4","4","4","4","4","4","4","4","4","4","4","4","4","4","4","4","4"
"85057","4.333333333333333","4","5","4","4","4","4","4","4","4","4","4","4","4","4","4","4","4","4","4","4","4","4","4","4","4","4","4","4","4","4","4","4","4","4","4"
"86057","4.166666666666667","4","5","4","4","4","4","4","4","4","4","4","4","4","4","4","4","4","4.2","4","5","4","4","4","4","4","4","4","4","4","4","4","4","4","4","4"
"87057","4","4","4","4","4","4","4","4","4","4","4","4","4","4","4","4","4","4","4","4","4","4","4","4","4","4","4","4","4","4","4","4","4","4","4","4"
"88057","4.166666666666667","4","5","4","4","4","4","4","4","4","4","4","4","4","4","4","4","4","4","4","4","4","4","4","4","4","4","4","4","4","4","4","4","4","4","4"
"89057","4.166666666666667","4","5","4","4","4","4","4","4","4","4","4","4","4","4","4","4","4","4.4","4","5","4","4","4","4","4","4","4","4","4","4","4","4","4","4","4"
"90057","4.5","4","5","4","4","4","4","4","4","4","4","4","4","4","4","4","4","4","4.2","4","5","4","4","4","4","4","4","4","4","4","4","4","4","4","4","4"
"91057","4","4","4","4","4","4","4","4","4","4","4","4","4","4","4","4","4","4","4","4","4","4","4","4","4","4","4","4","4","4","4","4","4","4","4","4"
"92057","4.333333333333333","4","5","4","4","4","4","4","4","4","4","4","4","4","4","4","4","4","4.2","4","5","4","4","4","4","4","4","4","4","4","4","4","4","4","4","4"
"93057","4.166666666666667","4","5","4","4","4","4","4","4","4","4","4","4","4","4","4","4","4","4","4","4","4","4","4","4","4","4","4","4","4","4","4","4","4","4","4"
"94057","4.333333333333333","4","5","4","4","4","4","4","4","4","4","4","4","4","4","4","4","4","4.4","4","5","4","4","4","4","4","4","4","4","4","4","4","4","4","4","4"
"95057","4.166666666666667","4","5","4","4","4","4","4","4","4","4","4","4","4","4","4","4","4","4.4","4","5","4","4","4","4","4","4","4","4","4","4","4","4","4","4","4"
"96057","4.333333333333333","4","5","4","4","4","4","4","4","4","4","4","4","4","4","4","4","4","4.2","4","5","4","4","4","4","4","4","4","4","4","4","4","4","4","4","4"
"97057","4.166666666666667","4","5","4","4","4","4","4","4","4","4","4","4","4","4","4","4","4","4","4","4","4","4","4","4","4","4","4","4","4","4","4","4","4","4","4"
"98057","4.166666666666667","4","5","4","4","4","4","4","4","4","4","4","4","4","4","4","4","4","4.2","4","5","4","4","4","4","4","4","4","4","4","4","4","4","4","4","4"
"99057","4.166666666666667","4","5","4","4","4","4","4","4","4","4","4","4","4","4","4","4","4","4","4","4","4","4","4","4","4","4","4","4","4","4","4","4","4","4","4"
"100057","4.333333333333333","4","5","4","4","4","4","4","4","4","4","4","4","4","4","4","4","4","4.2","4","5","4","4","4","4","4","4","4","4","4","4","4","4","4","4","4"
"101057","4.333333333333333","4","5","4","4","4","4","4","4","4","4","4","4","4","4","4","4","4","4","4","4","4","4","4","4","4","4","4","4","4","4","4","4","4","4","4"
"102057","4.166666666666667","4","5","4","4","4","4","4","4","4","4","4","4","4","4","4","4","4","4.2","4","5","4","4","4","4","4","4","4","4","4","4","4","4","4","4","4"
"103057","4","4","4","4","4","4","4","4","4","4","4","4","4","4","4","4","4","4","4.8","4","5","4","4","4","4","4","4","4","4","4","4","4","4","4","4","4"
"104057","4","4","4","4","4","4","4","4","4","4","4","4","4","4","4","4","4","4","4.4","4","5","4","4","4","4","4","4","4","4","4","4","4","4","4","4","4"
"105057","4.166666666666667","4","5","4","4","4","4","4","4","4","4","4","4","4","4","4","4","4","4.2","4","5","4","4","4","4","4","4","4","4","4","4","4","4","4","4","4"
"106057","4","4","4","4","4","4","4","4","4","4","4","4","4","4","4","4","4","4","4","4","4","4","4","4","4","4","4","4","4","4","4","4","4","4","4","4"
"107057","4.166666666666667","4","5","4","4","4","4","4","4","4","4","4","4","4","4","4","4","4","4.2","4","5","4","4","4","4","4","4","4","4","4","4","4","4","4","4","4"
"108057","4","4","4","4","4","4","4","4","4","4","4","4","4","4","4","4","4","4","4","4","4","4","4","4","4","4","4","4","4","4","4","4","4","4","4","4"
"109057","4.166666666666667","4","5","4","4","4","4","4","4","4","4","4","4","4","4","4","4","4","4","4","4","4","4","4","4","4","4","4","4","4","4","4","4","4","4","4"
"110057","4.166666666666667","4","5","4","4","4","4","4","4","4","4","4","4","4","4","4","4","4","4","4","4","4","4","4","4","4","4","4","4","4","4","4","4","4","4","4"
"111057","4","4","4","4","4","4","4","4","4","4","4","4","4","4","4","4","4","4","4.4","4","5","4","4","4","4","4","4","4","4","4","4","4","4","4","4","4"
"112057","4.333333333333333","4","5","4","4","4","4","4","4","4","4","4","4","4","4","4","4","4","4","4","4","4","4","4","4","4","4","4","4","4","4","4","4","4","4","4"
"113057","4.333333333333333","4","5","4","4","4","4","4","4","4","4","4","4","4","4","4","4","4","4","4","4","4","4","4","4","4","4","4","4","4","4","4","4","4","4","4"
"114057","4.166666666666667","4","5","4","4","4","4","4","4","4","4","4","4","4","4","4","4","4","4","4","4","4","4","4","4","4","4","4","4","4","4","4","4","4","4","4"
"115057","4.166666666666667","4","5","4","4","4","4","4","4","4","4","4","4","4","4","4","4","4","4.2","4","5","4","4","4","4","4","4","4","4","4","4","4","4","4","4","4"
"116057","4.166666666666667","4","5","4","4","4","4","4","4","4","4","4","4","4","4","4","4","4","4","4","4","4","4","4","4","4","4","4","4","4","4","4","4","4","4","4"
"117057","4.333333333333333","4","5","4","4","4","4","4","4","4","4","4","4","4","4","4","4","4","4.2","4","5","4","4","4","4","4","4","4","4","4","4","4","4","4","4","4"
"118057","4.166666666666667","4","5","4","4","4","4","4","4","4","4","4","4","4","4","4","4","4","4.4","4","5","4","4","4","4","4","4","4","4","4","4","4","4","4","4","4"
"119057","4.166666666666667","4","5","4","4","4","4","4","4","4","4","4","4","4","4","4","4","4","3.8","2","5","4","4","4","4","4","4","4","4","4","4","4","4","4","4","4"
"120057","4","4","4","4","4","4","4","4","4","4","4","4","4","4","4","4","4","4","4.2","4","5","4","4","4","4","4","4","4","4","4","4","4","4","4","4","4"
"121057","4.333333333333333","4","5","4","4","4","4","4","4","4","4","4","4","4","4","4","4","4","4","4","4","4.2","4","5","4","4","4","4","4","4","4","4","4","4","4","4"
"122057","4.166666666666667","4","5","4","4","4","4","4","4","4","4","4","4","4","4","4","4","4","4.2","4","5","4","4","4","4","4","4","4","4","4","4","4","4","4","4","4"
"123057","4.166666666666667","4","5","4","4","4","4","4","4","4","4","4","4","4","4","4","4","4","4.4","4","5","4","4","4","4","4","4","4","4","4","4","4","4","4","4","4"
"124057","4.333333333333333","4","5","4","4","4","4","4","4","4","4","4","4","4","4","4","4","4","4.2","4","5","4","4","4","4","4","4","4","4","4","4","4","4","4","4","4"
"125057","4","4","4","4","4","4","4","4","4","4","4","4","4","4","4","4","4","4","4.2","4","5","4","4","4","4","4","4","4","4","4","4","4","4","4","4","4"
"126057","4.166666666666667","4","5","4","4","4","4","4","4","4","4","4","4","4","4","4","4","4","4.2","4","5","4","4","4","4","4","4","4","4","4","4","4","4","4","4","4"
"127057","4.166666666666667","4","5","4","4","4","4","4","4","4","4","4","4","4","4","4","4","4","4","4","4","4","4","4","4","4","4","4","4","4","4","4","4","4","4","4"
"128057","4.333333333333333","4","5","4","4","4","4","4","4","4","4","4","4","4","4","4","4","4","4.4","4","5","4","4","4","4","4","4","4","4","4","4","4","4","4","4","4"
"129057","4.333333333333333","4","5","4","4","4","4","4","4","4","4","4","4","4","4","4","4","4","4.4","4","5","4","4","4","4","4","4","4","4","4","4","4","4","4","4","4"
"130057","4","3","5","4","4","4","4","4","4","4","4","4","4","4","4","4","4","4","4.2","4","5","4","4","4","4","4","4","4","4","4","4","4","4","4","4","4"
"131057","4.333333333333333","4","5","4","4","4","4","4","4","4","4","4","4","4","4","4","4","4","4.4","4","5","4","4","4","4","4","4","4","4","4","4","4","4","4","4","4"
"132057","4.166666666666667","4","5","4","4","4","4","4","4","4","4","4","4","4","4","4","4","4","4","4","4","4","4","4","4","4","4","4","4","4","4","4","4","4","4","4"
"133057","4.166666666666667","4","5","4","4","4","4","4","4","4","4","4","4","4","4","4","4","4","4.2","4","5","4","4","4","4","4","4","4","4","4","4","4","4","4","4","4"
"134057","4.166666666666667","4","5","4","4","4","4","4","4","4","4","4","4","4","4","4","4","4","4.2","4","5","4","4","4","4","4","4","4","4","4","4","4","4","4","4","4"
"135057","4.166666666666667","4","5","4","4","4","4","4","4","4","4","4","4","4","4","4","4","4","4.2","4","5","4","4","4","4","4","4","4","4","4","4","4","4","4","4","4"
"136057","4.166666666666667","4","5","4","4","4","4","4","4","4","4","4","4","4","4","4","4","4","4.2","4","5","4","4","4","4","4","4","4","4","4","4","4","4","4","4","4"
"137057","4.166666666666667","4","5","4","4","4","4","4","4","4","4","4","4","4","4","4","4","4","4.4","4","5","4","4","4","4","4","4","4","4","4","4","4","4","4","4","4"
"138057","4.5","4","5","4","4","4","4","4","4","4","4","4","4","4","4","4","4","4","4.2","4","5","4","4","4","4","4","4","4","4","4","4","4","4","4","4","4"
"139057","4","4","4","4","4","4","4","4","4","4","4","4","4","4","4","4","4","4","4.2","4","5","4","4","4","4","4","4","4","4","4","4","4","4","4","4","4"
"140057","4.166666666666667","4","5","4","4","4","4","4","4","4","4","4","4","4","4","4","4","4","4.2","4","5","4","4","4","4","4","4","4","4","4","4","4","4","4","4","4"
"141057","4","4","4","4","4","4","4","4","4","4","4","4","4","4","4","4","4","4","4.2","4","5","4","4","4","4","4","4","4","4","4","4","4","4","4","4","4"
"142057","4.166666666666667","4","5","4","4","4","4","4","4","4","4","4","4","4","4","4","4","4","4.2","4","5","4.2","4","5","4","4","4","4","4","4","4","4","4","4","4","4"
"143057","4.166666666666667","4","5","4","4","4","4","4","4","4","4","4","4","4","4","4","4","4","4.2","4","5","4","4","4","4","4","4","4","4","4","4","4","4","4","4","4"
"144057","4.166666666666667","4","5","4","4","4","4","4","4","4","4","4","4","4","4","4","4","4","4","4","4","4","4","4","4","4","4","4","4","4","4","4","4","4","4","4"
"145057","4","4","4","4","4","4","4","4","4","4","4","4","4","4","4","4","4","4","4.6","4","5","4","4","4","4","4","4","4","4","4","4","4","4","4","4","4"
"146057","4.333333333333333","4","5","4","4","4","4","4","4","4","4","4","4","4","4","4","4","4","4.8","4","5","4","4","4","4","4","4","4","4","4","4","4","4","4","4","4"
"147057","4.333333333333333","4","5","4","4","4","4","4","4","4","4","4","4","4","4","4","4","4","4.2","4","5","4","4","4","4","4","4","4","4","4","4","4","4","4","4","4"
"148057","4.166666666666667","4","5","4","4","4","4","4","4","4","4","4","4","4","4","4","4","4","4.6","4","5","4","4","4","4","4","4","4","4","4","4","4","4","4","4","4"
"149057","4.166666666666667","4","5","4","4","4","4","4","4","4","4","4","4","4","4","4","4","4","4.6","4","5","4","4","4","4","4","4","4","4","4","4","4","4","4","4","4"
"150057","4.166666666666667","4","5","4","4","4","4","4","4","4","4","4","4","4","4","4","4","4","4.4","4","5","4","4","4","4","4","4","4","4","4","4","4","4","4","4","4"
"151057","4.333333333333333","4","5","4","4","4","4","4","4","4","4","4","4","4","4","4","4","4","3.6","2","4","4","4","4","4","4","4","4","4","4","4","4","4","4","4","4"
"152057","4.166666666666667","4","5","4","4","4","4","4","4","4","4","4","4","4","4","4","4","4","4.2","4","5","4","4","4","4","4","4","4","4","4","4","4","4","4","4","4"
"153057","4","4","4","4","4","4","4","4","4","4","4","4","4","4","4","4","4","4","4.2","4","5","4","4","4","4","4","4","4","4","4","4","4","4","4","4","4"
"154057","4.333333333333333","4","5","4","4","4","4","4","4","4","4","4","4","4","4","4","4","4","4.2","4","5","4","4","4","4","4","4","4","4","4","4","4","4","4","4","4"
"155057","4","4","4","4","4","4","4","4","4","4","4","4","4","4","4","4","4","4","4.4","4","5","4.2","4","5","4","4","4","4","4","4","4","4","4","4","4","4"
"156057","4.333333333333333","4","5","4","4","4","4","4","4","4","4","4","4","4","4","4","4","4","4","4","4","4","4","4","4","4","4","4","4","4","4","4","4","4","4","4"
"157307","8.5","6","9","4","4","4","6","6","6","6","6","6","6","6","6","4.8","4","5","8.6","8","9","8.8","8","9","6","6","6","4.4","4","5","4","4","4","4","4","4"
"158307","8.666666666666666","7","9","4.2","4","5","6.4","6","7","6.4","6","7","6","6","6","4.8","4","5","9","9","9","8.6","8","9","6.4","6","7","4.6","4","5","4.2","4","5","4.2","4","5"
"159307","9","8","10","4.2","4","5","6.4","6","7","6.6","6","7","6","6","6","4.8","4","5","9","9","9","9","9","9","7","7","7","5","4","6","4.2","4","5","4.4","4","6"
"160307","9","9","9","4.2","4","5","6.6","6","7","7","7","7","6.6","6","7","4.8","4","5","8.8","8","9","8.8","8","9","7","7","7","5","4","6","4.4","4","5","4.4","4","6"
"161307","8.333333333333334","5","9","4.2","4","5","6.6","6","7","7","7","7","7","7","7","5.2","5","6","9","8","10","9","9","9","7","7","7","5.2","5","6","4.6","4","5","4.8","4","6"
"162307","9","8","10","4.2","4","5","6.6","6","7","7","7","7","7","7","7","5.4","5","6","9","9","9","9","9","9","7","7","7","5.2","5","6","4.4","4","5","4.8","4","6"
"163307","9.166666666666666","8","10","4.2","4","5","7","7","7","7","7","7","7","7","7","5.8","5","6","9","9","9","9","9","9","7","7","7","5.4","5","6","4.8","4","5","5","4","6"
"164307","9.166666666666666","8","10","4.2","4","5","7","7","7","7.2","7","8","7","7","7","5.8","5","6","9.2","9","10","9","9","9","7","7","7","5.4","5","6","4.8","4","5","5.2","4","6"
"165307","8.833333333333334","8","9","4.4","4","5","7","7","7","7.2","7","8","7","7","7","5.8","5","6","9.2","9","10","9","9","9","7.2","7","8","5.6","5","7","5","5","5","5.4","4","6"
"166307","8.833333333333334","8","9","4.4","4","5","7","7","7","7.2","7","8","7","7","7","5.6","5","6","9.2","9","10","9","9","9","7.4","7","8","6","5","7","5","5","5","5.4","4","6"
"167307","9.333333333333334","8","10","4.6","4","6","7.2","7","8","7.2","7","8","7","7","7","5.8","5","6","8.8","8","9","9","9","9","7.4","7","8","6","5","7","5","5","5","5.4","4","6"
"168307","9.166666666666666","8","10","4.8","4","6","7.4","7","8","7.2","7","8","7","7","7","5.6","5","6","9","9","9","9","9","9","7.8","7","8","6","5","7","5","5","5","5.6","5","6"
"169307","9.166666666666666","9","10","4.8","4","6","7.4","7","8","7.2","7","8","7","7","7","5.6","5","6","9","9","9","9","9","9","7.8","7","8","6.2","5","7","5","5","5","5.6","5","6"
"170307","9.166666666666666","8","10","4.8","4","6","7.6","7","8","7.2","7","8","7","7","7","5.8","5","6","9","9","9","9","9","9","7.8","7","8","6.2","5","7","5","5","5","5.8","5","6"
"171307","9","8","10","4.8","4","6","7.6","7","8","7.2","7","8","7","7","7","5.8","5","6","9.2","9","10","8.8","8","9","8","8","8","6.2","5","7","5","5","5","5.8","5","6"
"172307","9.166666666666666","8","10","5.2","4","7","7.8","7","8","7.4","7","8","7","7","7","5.8","5","6","9.2","9","10","9","9","9","8","8","8","6.2","5","7","5","5","5","5.8","5","6"
"173307","9.166666666666666","8","10","5.2","4","7","7.8","7","8","7.4","7","8","7","7","7","5.8","5","6","9.2","9","10","8.8","8","9","8","8","8","6.2","5","7","5","5","5","5.8","5","6"
"174307","9.5","9","10","5.4","5","7","7.8","7","8","7.4","7","8","7","7","7","5.8","5","6","9.2","9","10","9","9","9","8","8","8","6.6","6","7","5","5","5","5.8","5","6"
"175307","9.166666666666666","8","10","5.4","5","7","7.8","7","8","7.4","7","8","7","7","7","5.8","5","6","9.2","9","10","9.2","9","10","8","8","8","6.6","6","7","5.2","5","6","5.8","5","6"
"176307","9.5","9","10","5.4","5","7","7.8","7","8","7.4","7","8","7","7","7","5.6","5","6","9.4","9","10","9","9","9","8","8","8","6.6","6","7","5.2","5","6","5.8","5","6"
"177307","9.166666666666666","8","10","5.4","5","7","7.8","7","8","7.6","7","8","7","7","7","5.6","4","6","9","9","9","9","9","9","8","8","8","7","6","8","5.2","5","6","5.8","5","6"
"178307","9.5","8","10","5.4","5","7","7.8","7","8","7.6","7","8","7","7","7","5.8","5","6","9","9","9","9","9","9","8","8","8","7","6","8","5.2","5","6","5.8","5","6"
"179307","9","8","10","5.4","5","7","7.8","7","8","7.6","7","8","7","7","7","5.8","5","6","8.8","6","10","9","9","9","8","8","8","7","6","8","5.6","5","6","6","6","6"
"180307","8.833333333333334","8","9","5.4","5","7","7.8","7","8","7.6","7","8","7","7","7","5.8","5","6","9","8","10","9","9","9","8","8","8","7","6","8","5.6","5","6","6","6","6"
"181307","9.666666666666666","9","10","5.4","5","7","7.8","7","8","7.6","7","8","7","7","7","5.8","5","6","8.2","6","9","9","9","9","8","8","8","7.2","6","8","5.6","5","6","6","6","6"
"182307","9","8","10","5.4","5","7","7.8","7","8","7.6","7","8","7","7","7","5.8","5","6","8.8","6","10","9","9","9","8","8","8","7","6","8","5.8","5","6","6","6","6"
"183307","9","8","10","5.6","5","7","7.8","7","8","7.6","7","8","7","7","7","5.8","5","6","8.6","7","10","9","9","9","8","8","8","7","6","8","5.8","5","6","6","6","6"
"184307","9.333333333333334","8","10","5.6","5","7","7.8","7","8","7.6","7","8","7.2","7","8","6","5","7","8.8","8","10","9.2","9","10","8","8","8","7.2","6","8","5.8","5","6","6.2","6","7"
"185307","9.333333333333334","9","10","5.6","5","7","7.8","7","8","7.6","7","8","7","7","7","6","5","7","8.6","8","9","9","9","9","8","8","8","7.2","6","8","5.8","5","6","6.4","6","7"
"186307","9","8","10","5.6","5","7","7.8","7","8","7.8","7","8","7.4","7","8","6.2","5","7","9","7","10","9","9","9","8","8","8","7.2","6","8","6","5","7","6.4","6","7"
"187307","9","6","10","5.6","5","7","7.8","7","8","7.8","7","8","7.8","7","8","6.2","5","7","9.4","9","10","9","9","9","8","8","8","7.6","7","8","6","5","7","6.4","6","7"
"188307","9.5","8","11","5.8","5","7","7.8","7","8","7.8","7","8","7.6","7","8","6.2","5","7","8","5","10","9.2","9","10","8","8","8","7.6","7","8","6","5","7","6.4","6","7"
"189307","8.833333333333334","6","10","5.8","5","7","7.8","7","8","7.8","7","8","7.8","7","8","6.2","5","7","9.2","9","10","9","9","9","8","8","8","7.6","7","8","6","5","7","6.4","6","7"
"190307","9.333333333333334","8","11","6","5","7","7.8","7","8","7.8","7","8","7.8","7","8","6.2","5","7","9","8","10","9","9","9","8","8","8","7.6","7","8","6","5","7","6.4","6","7"
"191307","9","6","10","6","5","7","7.8","7","8","7.8","7","8","7.8","7","8","6.6","5","7","9.6","9","10","9.2","9","10","8","8","8","7.6","7","8","6","5","7","6.4","6","7"
"192307","9.666666666666666","9","11","6.2","5","7","7.8","7","8","7.8","7","8","7.8","7","8","6.2","5","7","9.6","9","10","9.2","9","10","8","8","8","7.6","7","8","6","5","7","6.4","6","7"
"193307","9.333333333333334","8","11","6.2","5","7","7.8","7","8","7.8","7","8","7.8","7","8","6.4","5","7","9.4","9","10","9","9","9","8","8","8","7.6","7","8","6","5","7","6.4","6","7"
"194307","9.166666666666666","4","11","6.4","6","7","7.8","7","8","7.8","7","8","7.8","7","8","6.6","5","7","9.2","9","10","9","9","9","8","8","8","7.6","7","8","6","5","7","6.4","6","7"
"195307","9.166666666666666","8","10","6.4","6","7","7.8","7","8","7.8","7","8","7.8","7","8","6.8","6","7","9","8","10","9","9","9","8","8","8","7.8","7","8","6","5","7","6.4","6","7"
"196307","9.5","9","11","6.4","6","7","7.8","7","8","8","8","8","7.8","7","8","6.6","5","7","8.8","6","10","9.2","9","10","8","8","8","7.8","7","8","6","5","7","6.4","6","7"
"197307","9.833333333333334","9","11","6.4","6","7","7.8","7","8","8","8","8","7.8","7","8","6.6","5","7","9.2","8","10","9.2","9","10","8","8","8","7.8","7","8","6.2","5","8","6.4","6","7"
"198307","9.833333333333334","9","11","6.4","6","7","7.8","7","8","8","8","8","7.8","7","8","6.8","6","7","9.2","9","10","9","9","9","8","8","8","7.8","7","8","6.2","5","8","6.6","6","7"
"199307","9.833333333333334","9","11","6.4","6","7","7.8","7","8","8","8","8","7.8","7","8","6.8","6","7","9.4","9","10","9.2","9","10","8","8","8","7.8","7","8","6.2","5","8","6.6","6","7"
"200307","9.333333333333334","8","10","6.4","6","7","7.8","7","8","8","8","8","7.8","7","8","6.8","6","7","9.4","8","10","9.2","9","10","8","8","8","8","8","8","6.2","5","8","6.6","6","7"
"201307","9.666666666666666","8","11","6.6","6","8","8","8","8","8","8","8","7.8","7","8","6.8","6","7","9.4","9","10","9","9","9","8","8","8","7.8","7","8","6.2","5","8","6.6","6","7"
"202307","10","9","11","6.4","6","7","8","8","8","8","8","8","7.8","7","8","6.8","6","7","9.4","9","10","9.4","9","10","8","8","8","8","8","8","6.2","5","8","6.6","6","7"
"203307","9.833333333333334","8","11","6.4","6","7","7.8","7","8","8","8","8","7.8","7","8","6.8","6","7","8.6","6","10","9.4","9","10","8","8","8","8","8","8","6.4","6","8","6.6","6","7"
"204307","9.5","9","10","6.4","6","7","7.8","7","8","8","8","8","7.8","7","8","6.6","5","7","9.2","8","10","9.2","9","10","8","8","8","8","8","8","6.6","6","8","6.6","6","7"
"205307","9.5","8","10","6.6","6","8","8","8","8","8","8","8","7.8","7","8","6.8","6","7","9.2","9","10","9.2","9","10","8","8","8","8","8","8","6.6","6","8","6.6","6","7"
"206307","9","6","10","6.6","6","8","8","8","8","8","8","8","7.8","7","8","6.8","6","7","9.2","9","10","9.2","9","10","8","8","8","8","8","8","6.6","6","8","6.6","6","7"
"207307","9","8","10","6.6","6","8","8","8","8","8","8","8","7.8","7","8","6.8","6","7","7.8","2","10","9","9","9","8","8","8","8","8","8","6.8","6","8","6.8","6","8"
"208307","8.833333333333334","6","10","7","6","8","8","8","8","8","8","8","7.8","7","8","6.8","6","7","7.2","2","10","9","9","9","8","8","8","8","8","8","7","6","8","6.8","6","8"
"209307","9","8","10","7.2","6","8","8","8","8","8","8","8","7.8","7","8","6.8","6","7","9.6","9","10","9.6","9","10","8","8","8","8","8","8","7","6","8","6.8","6","8"
"210307","9.333333333333334","8","10","7.2","6","8","8","8","8","8","8","8","7.8","7","8","6.8","6","7","9.4","9","10","9","9","9","8","8","8","8","8","8","7","6","8","6.8","6","8"
"211307","9.333333333333334","8","10","7.2","6","8","8","8","8","8","8","8","7.8","7","8","6.8","6","7","8.4","3","10","9","9","9","8","8","8","8","8","8","7","6","8","6.8","6","8"
"212307","9","8","10","7.2","6","8","8","8","8","8","8","8","7.8","7","8","6.8","6","7","9.2","7","10","9.6","9","10","8","8","8","8","8","8","7","6","8","6.8","6","8"
"213307","9.5","8","11","7.2","6","8","8","8","8","8","8","8","8","8","8","6.8","6","7","8.4","7","9","9.2","9","10","8","8","8","8","8","8","7","6","8","7","6","8"
"214307","9.5","8","11","7.2","6","8","8","8","8","8","8","8","8","8","8","6.8","6","7","8.8","7","10","9.4","9","10","8","8","8","8","8","8","7","6","8","7","6","8"
"215307","9.333333333333334","8","11","7.4","7","8","8","8","8","8","8","8","8","8","8","6.8","6","7","9.4","8","10","9.4","9","10","8","8","8","8","8","8","7","6","8","6.8","6","8"
"216307","9.833333333333334","8","11","7.4","7","8","8","8","8","8","8","8","8","8","8","6.8","6","7","9.4","9","10","9.2","9","10","8","8","8","8","8","8","7","6","8","7","6","8"
"217307","9.666666666666666","8","11","7.4","7","8","7.8","7","8","8","8","8","8","8","8","6.8","6","7","9.6","9","10","9","9","9","8","8","8","8","8","8","7","6","8","7","6","8"
"218307","9.5","9","11","7.4","7","8","8","8","8","8","8","8","8","8","8","6.8","6","7","9.4","9","10","9.2","9","10","8","8","8","8","8","8","7","6","8","7","6","8"
"219307","9.833333333333334","9","11","7.4","7","8","8","8","8","8","8","8","8","8","8","6.8","6","7","8.4","3","10","9.2","9","10","8","8","8","8","8","8","7","6","8","7","6","8"
"220307","9.666666666666666","9","11","7.4","7","8","8","8","8","8","8","8","8","8","8","6.8","6","7","9.4","9","10","8.4","6","9","8","8","8","8","8","8","7","6","8","7.2","6","8"
"221307","9.666666666666666","8","11","7.4","7","8","8","8","8","8","8","8","8","8","8","6.8","6","7","9.4","8","10","8.8","8","9","8","8","8","8","8","8","7","6","8","7","6","8"
"222307","9.666666666666666","8","11","7.4","7","8","8","8","8","8","8","8","8","8","8","6.8","6","7","8.6","5","10","9","9","9","8","8","8","8","8","8","7","6","8","7","6","8"
"223307","9.166666666666666","8","10","7.4","7","8","8","8","8","8","8","8","8","8","8","7","6","8","9.4","9","10","9.2","9","10","8","8","8","8","8","8","7","6","8","7.2","6","8"
"224307","9.5","9","11","7.4","7","8","8","8","8","8","8","8","8","8","8","6.8","6","7","9.4","9","10","8.8","7","10","8","8","8","8","8","8","7","6","8","7.4","7","8"
"225307","9.666666666666666","9","10","7.4","7","8","8","8","8","8","8","8","8","8","8","6.8","6","7","9.4","9","10","8.4","4","10","8","8","8","8","8","8","7","6","8","7.2","6","8"
"226307","9.833333333333334","9","11","7.4","7","8","8","8","8","8","8","8","8","8","8","7","6","8","10","9","11","9.2","8","10","8","8","8","8","8","8","7","6","8","7.2","6","8"
"227307","10.166666666666666","8","12","7.4","7","8","8","8","8","8","8","8","8","8","8","7","6","8","9.8","9","10","8.8","8","9","8","8","8","8","8","8","7.2","7","8","7.4","7","8"
"228307","9.666666666666666","9","10","7.4","7","8","8","8","8","8","8","8","8","8","8","6.8","6","7","8.6","5","10","8.8","8","9","8","8","8","8","8","8","7.2","7","8","7.4","7","8"
"229307","9.166666666666666","8","11","7.4","7","8","8","8","8","8","8","8","8","8","8","7","6","8","8.8","4","11","8.8","8","9","8","8","8","8","8","8","7.2","7","8","7.4","7","8"
"230307","9.5","8","10","7.4","7","8","8","8","8","8","8","8","8","8","8","7","6","8","8.4","6","10","9","9","9","8","8","8","8","8","8","7.2","7","8","7.4","7","8"
"231307","9.5","9","11","7.4","7","8","8","8","8","8","8","8","8","8","8","7","6","8","9.8","9","11","9.2","9","10","8","8","8","8","8","8","7.2","7","8","7.4","7","8"
"232307","9.5","9","10","7.4","7","8","8","8","8","8","8","8","8","8","8","7.2","6","8","9.2","9","10","9.2","9","10","8","8","8","8","8","8","7.2","7","8","7.6","7","8"
"233307","9.166666666666666","8","10","7.4","7","8","8","8","8","8","8","8","8","8","8","7.2","6","8","9.4","9","10","9","9","9","8","8","8","8","8","8","7.2","7","8","7.6","7","8"
"234307","9.666666666666666","8","11","7.4","7","8","8","8","8","8","8","8","8","8","8","7.2","6","8","9.2","8","10","9.4","9","10","8","8","8","8","8","8","7.2","7","8","7.6","7","8"
"235307","9.333333333333334","8","11","7.4","7","8","8","8","8","8","8","8","8","8","8","7.2","6","8","9.4","8","10","9.2","9","10","8","8","8","8","8","8","7.2","7","8","7.6","7","8"
"236307","9.5","9","10","7.4","7","8","8","8","8","8","8","8","8","8","8","7.2","6","8","10","9","11","9","9","9","8","8","8","8","8","8","7.2","7","8","7.6","7","8"
"237307","9.333333333333334","9","10","7.4","7","8","8","8","8","8","8","8","8","8","8","7.2","6","8","9","8","10","9","9","9","8","8","8","8","8","8","7.2","7","8","7.6","7","8"
"238307","9.666666666666666","9","10","7.4","7","8","8","8","8","8","8","8","8","8","8","7.2","6","8","9.6","9","10","9.6","9","10","8","8","8","8","8","8","7.2","7","8","7.6","7","8"
"239307","9.833333333333334","9","11","7.4","7","8","8","8","8","8","8","8","8","8","8","7","6","8","9.4","9","10","9.2","9","10","8","8","8","8","8","8","7.2","7","8","7.6","7","8"
"240307","9.5","9","10","7.8","7","8","8","8","8","8","8","8","8","8","8","7","6","8","9","7","11","9","9","9","8","8","8","8","8","8","7.2","7","8","7.6","7","8"
"241307","9","6","10","7.8","7","8","8","8","8","8","8","8","8","8","8","7.2","6","8","9.2","7","10","9","9","9","8","8","8","8","8","8","7.2","7","8","7.6","7","8"
"242307","9.333333333333334","8","10","7.8","7","8","8","8","8","8","8","8","8","8","8","7.2","6","8","9.2","8","10","9.2","9","10","8","8","8","8","8","8","7.2","7","8","7.6","7","8"
"243307","8.833333333333334","5","10","8","8","8","8","8","8","8","8","8","8","8","8","7.2","6","8","9.6","8","11","9.2","9","10","8","8","8","8","8","8","7.4","7","8","7.6","7","8"
"244307","9.333333333333334","8","10","7.8","7","8","8","8","8","8","8","8","8","8","8","7.2","6","8","9.4","9","10","9.2","9","10","8","8","8","8","8","8","7.2","7","8","7.6","7","8"
"245307","9.333333333333334","8","11","7.8","7","8","8","8","8","8","8","8","8","8","8","7.2","6","8","9.6","9","10","9.4","9","10","8","8","8","8","8","8","7.4","7","8","7.6","7","8"
"246307","9.5","6","11","8","8","8","8","8","8","8","8","8","8","8","8","7.2","6","8","9.6","9","10","9.4","9","10","8","8","8","8","8","8","7.4","7","8","7.6","7","8"
"247307","9.333333333333334","8","10","8","8","8","8","8","8","8","8","8","8","8","8","7.2","6","8","9.2","9","10","9.4","9","10","8","8","8","8","8","8","7.6","7","8","7.6","7","8"
"248307","9.5","8","11","8","8","8","8","8","8","8","8","8","8","8","8","7.2","6","8","9.8","9","10","9.8","9","10","8","8","8","8","8","8","7.6","7","8","7.6","7","8"
"249307","9","7","10","8","8","8","8","8","8","8","8","8","8","8","8","7.4","6","8","9.2","6","11","9.6","9","10","8","8","8","8","8","8","7.6","7","8","7.6","7","8"
"250307","9.5","8","11","8","8","8","8","8","8","8","8","8","8","8","8","7.4","7","8","10","10","10","9","9","9","8","8","8","8","8","8","7.6","7","8","7.6","7","8"
"251307","9.166666666666666","8","10","8","8","8","8","8","8","8","8","8","8","8","8","7.4","7","8","9.2","7","10","9.2","9","10","8","8","8","8","8","8","7.6","7","8","7.6","7","8"
"252307","9","5","11","8","8","8","8","8","8","8","8","8","8","8","8","7.4","7","8","9","8","10","9.4","9","10","8","8","8","8","8","8","7.6","7","8","7.6","7","8"
"253307","8.833333333333334","5","11","8","8","8","8","8","8","8","8","8","8","8","8","7.4","7","8","9.4","9","10","9.4","9","10","8","8","8","8","8","8","7.6","7","8","7.6","7","8"
"254307","9.166666666666666","7","11","8","8","8","8","8","8","8","8","8","8","8","8","7.6","7","8","9","7","10","9.4","9","10","8","8","8","8","8","8","7.8","7","8","7.6","7","8"
"255307","8.833333333333334","7","10","8","8","8","8","8","8","8","8","8","8","8","8","7.6","7","8","9.4","8","10","9","9","9","8","8","8","8","8","8","7.8","7","8","7.6","7","8"
"256307","8.333333333333334","6","10","8","8","8","8","8","8","8","8","8","8","8","8","7.2","7","8","9.4","9","10","9.2","9","10","8","8","8","8","8","8","7.8","7","8","7.6","7","8"
"257307","9.166666666666666","7","11","8","8","8","8","8","8","8","8","8","8","8","8","7.4","7","8","9.4","9","10","9.2","9","10","8","8","8","8","8","8","7.8","7","8","7.6","7","8"
"258307","9","8","10","8","8","8","8","8","8","8","8","8","8","8","8","7.4","7","8","9.8","9","10","9.2","9","10","8","8","8","8","8","8","7.6","7","8","7.6","7","8"
"259307","9.166666666666666","8","10","8","8","8","8","8","8","8","8","8","8","8","8","7.2","6","8","9.6","9","10","9.2","9","10","8","8","8","8","8","8","7.8","7","8","7.6","7","8"
"260307","9","8","11","8","8","8","8","8","8","8","8","8","8","8","8","7.6","7","8","9.4","9","10","9","9","9","8","8","8","8","8","8","7.8","7","8","7.6","7","8"
"261307","9.833333333333334","8","11","8","8","8","8","8","8","8","8","8","8","8","8","7.6","7","8","9.6","9","11","9.2","9","10","8","8","8","8","8","8","7.8","7","8","7.6","7","8"
"262307","9.166666666666666","8","12","8","8","8","8","8","8","8","8","8","8","8","8","7.6","7","8","9.8","9","10","9","9","9","8","8","8","8","8","8","7.8","7","8","7.6","7","8"
"263307","9","7","11","8","8","8","8","8","8","8","8","8","8","8","8","7.6","7","8","9.2","8","10","9","9","9","8","8","8","8","8","8","7.8","7","8","7.6","7","8"
"264307","9.333333333333334","6","12","8","8","8","8","8","8","8","8","8","8","8","8","7.6","7","8","9.4","9","10","9.4","9","10","8","8","8","8","8","8","7.8","7","8","7.6","7","8"
"265307","8.5","4","10","8","8","8","8","8","8","8","8","8","8","8","8","7.4","7","8","9.4","9","11","9","9","9","8","8","8","8","8","8","7.8","7","8","7.6","7","8"
"266307","9.333333333333334","8","10","8","8","8","8","8","8","8","8","8","8","8","8","7.6","7","8","9.6","9","11","9.2","9","10","8","8","8","8","8","8","7.8","7","8","7.6","7","8"
"267307","9.333333333333334","8","11","8","8","8","8","8","8","8","8","8","8","8","8","7.8","7","8","9.4","9","10","9","9","9","8","8","8","8","8","8","7.8","7","8","7.6","7","8"
"268307","9.833333333333334","9","11","8","8","8","8","8","8","8","8","8","8","8","8","7.6","7","8","9.4","9","10","9","9","9","8","8","8","8","8","8","7.8","7","8","7.6","7","8"
"269307","8.666666666666666","7","10","8","8","8","8","8","8","8","8","8","8","8","8","7.6","7","8","9.2","9","10","9.2","9","10","8","8","8","8","8","8","8","8","8","7.6","7","8"
"270307","7.666666666666667","4","10","8","8","8","8","8","8","8","8","8","8","8","8","7.6","7","8","9","8","10","9.4","9","10","8","8","8","8","8","8","7.8","7","8","7.6","7","8"
"271307","9","7","10","8","8","8","8","8","8","8","8","8","8","8","8","7.8","7","8","9.4","8","10","9.4","9","10","8","8","8","8","8","8","8","8","8","7.6","7","8"
"272307","9","7","11","8","8","8","8","8","8","8","8","8","8","8","8","7.8","7","8","9.4","9","11","9.2","9","10","8","8","8","8","8","8","8","8","8","7.6","7","8"
"273307","8.833333333333334","4","11","8","8","8","8","8","8","8","8","8","8","8","8","7.8","7","8","9","9","9","9.4","9","10","8","8","8","8","8","8","8","8","8","7.6","7","8"
"274307","8.333333333333334","6","10","8","8","8","8","8","8","8","8","8","8","8","8","7.6","7","8","9.4","9","10","9.2","9","10","8","8","8","8","8","8","8","8","8","7.6","7","8"
"275307","9.333333333333334","8","11","8","8","8","8","8","8","8","8","8","8","8","8","7.8","7","8","9.6","9","10","9.2","9","10","8","8","8","8","8","8","8","8","8","7.6","7","8"
"276307","9.5","8","12","8","8","8","8","8","8","8","8","8","8","8","8","7.8","7","8","9.2","9","10","9.2","9","10","8","8","8","8","8","8","8","8","8","7.6","7","8"
"277307","9","7","11","8","8","8","8","8","8","8","8","8","8","8","8","7.8","7","8","9.2","9","10","9.2","9","10","8","8","8","8","8","8","8","8","8","7.6","7","8"
"278307","8.833333333333334","5","11","8","8","8","8","8","8","8","8","8","8","8","8","7.8","7","8","9.6","9","10","9.4","9","10","8","8","8","8","8","8","8","8","8","7.6","7","8"
"279307","9.666666666666666","7","11","8","8","8","8","8","8","8","8","8","8","8","8","7.8","7","8","9.6","9","11","9.6","9","10","8","8","8","8","8","8","8","8","8","7.8","7","8"
"280307","8.833333333333334","5","11","8","8","8","8","8","8","8","8","8","8","8","8","7.8","7","8","9.6","9","10","9","9","9","8","8","8","8","8","8","8","8","8","7.6","7","8"
"281307","9.166666666666666","8","11","8","8","8","8","8","8","8","8","8","8","8","8","7.8","7","8","9.4","9","10","9.2","9","10","8","8","8","8","8","8","8","8","8","7.6","7","8"
"282307","9.5","8","11","8","8","8","8","8","8","8","8","8","8","8","8","7.8","7","8","9.6","9","11","9.2","9","10","8","8","8","8","8","8","8","8","8","7.8","7","8"
"283307","9.166666666666666","7","10","8","8","8","8","8","8","8","8","8","8","8","8","7.8","7","8","9","9","9","9","9","9","8","8","8","8","8","8","8","8","8","7.8","7","8"
"284307","9.833333333333334","8","11","8","8","8","8","8","8","8","8","8","8","8","8","7.8","7","8","9","8","10","9.6","9","10","8","8","8","8","8","8","8","8","8","7.6","7","8"
"285307","9.166666666666666","6","12","8","8","8","8","8","8","8","8","8","8","8","8","7.8","7","8","9.4","9","10","9.2","9","10","8","8","8","8","8","8","8","8","8","7.8","7","8"
"286307","9.333333333333334","8","11","8","8","8","8","8","8","8","8","8","8","8","8","7.8","7","8","8.8","5","10","9","8","10","8","8","8","8","8","8","8","8","8","7.8","7","8"
"287307","9.666666666666666","8","11","8","8","8","8","8","8","8","8","8","8","8","8","7.8","7","8","9.4","8","10","9","9","9","8","8","8","8","8","8","8","8","8","7.8","7","8"
"288307","9.5","8","11","8","8","8","8","8","8","8","8","8","8","8","8","7.8","7","8","8.8","7","10","9.2","9","10","8","8","8","8","8","8","8","8","8","7.8","7","8"
"289307","9.666666666666666","9","11","8","8","8","8","8","8","8","8","8","8","8","8","7.8","7","8","9","7","10","9","9","9","8","8","8","8","8","8","8","8","8","7.8","7","8"
"290307","9.5","9","11","8","8","8","8","8","8","8","8","8","8","8","8","7.8","7","8","9","7","10","9.2","9","10","8","8","8","8","8","8","8","8","8","7.8","7","8"
"291307","10","9","11","8","8","8","8","8","8","8","8","8","8","8","8","7.8","7","8","9.2","9","10","9.2","9","10","8","8","8","8","8","8","8","8","8","7.8","7","8"
"292307","9.833333333333334","9","11","8","8","8","8","8","8","8","8","8","8","8","8","7.8","7","8","9.4","8","11","9","9","9","8","8","8","8","8","8","8","8","8","7.6","7","8"
"293307","9.833333333333334","8","12","8","8","8","8","8","8","8","8","8","8","8","8","7.8","7","8","9.2","8","11","9.2","9","10","8","8","8","8","8","8","8","8","8","7.8","7","8"
"294307","9.166666666666666","9","10","8","8","8","8","8","8","8","8","8","8","8","8","7.8","7","8","9.2","9","10","8.8","8","9","8","8","8","8","8","8","8","8","8","7.8","7","8"
"295307","9.666666666666666","9","11","8","8","8","8","8","8","8","8","8","8","8","8","7.8","7","8","9.4","9","10","9.4","9","10","8","8","8","8","8","8","8","8","8","7.8","7","8"
"296307","10","9","11","8","8","8","8","8","8","8","8","8","8","8","8","7.8","7","8","9.2","7","10","9","9","9","8","8","8","8","8","8","8","8","8","7.8","7","8"
"297307","9.833333333333334","8","11","8","8","8","8","8","8","8","8","8","8","8","8","7.8","7","8","9.4","8","11","9","8","10","8","8","8","8","8","8","8","8","8","7.8","7","8"
"298307","9.833333333333334","9","11","8","8","8","8","8","8","8","8","8","8","8","8","7.8","7","8","8.8","8","10","9","9","9","8","8","8","8","8","8","8","8","8","7.8","7","8"
"299307","9.833333333333334","8","11","8","8","8","8","8","8","8","8","8","8","8","8","7.8","7","8","9.4","9","10","9","9","9","8","8","8","8","8","8","8","8","8","7.8","7","8"
"300307","10","9","11","8","8","8","8","8","8","8","8","8","8","8","8","7.8","7","8","9.6","9","10","9","9","9","8","8","8","8","8","8","8","8","8","7.8","7","8"
"301307","9.166666666666666","9","10","8","8","8","8","8","8","8","8","8","8","8","8","7.8","7","8","9.4","9","10","9","9","9","8","8","8","8","8","8","8","8","8","7.8","7","8"
"302307","9.666666666666666","9","11","8","8","8","8","8","8","8","8","8","8","8","8","7.8","7","8","9.8","9","10","9.4","9","10","8","8","8","8","8","8","8","8","8","7.8","7","8"
"303307","10","9","11","8","8","8","8","8","8","8","8","8","8","8","8","7.8","7","8","9","8","10","9.2","9","10","8","8","8","8","8","8","8","8","8","7.8","7","8"
"304307","9.666666666666666","9","10","8","8","8","8","8","8","8","8","8","8","8","8","7.8","7","8","9.4","9","10","9","9","9","8","8","8","8","8","8","8","8","8","7.8","7","8"
"305307","10","9","11","8","8","8","8","8","8","8","8","8","8","8","8","7.8","7","8","9.4","9","10","9.4","9","10","8","8","8","8","8","8","8","8","8","7.8","7","8"
"306307","9.333333333333334","8","10","8","8","8","8","8","8","8","8","8","8","8","8","7.8","7","8","9.6","9","10","8.8","8","9","8","8","8","8","8","8","8","8","8","7.8","7","8"
"307307","9.666666666666666","8","11","8","8","8","8","8","8","8","8","8","8","8","8","7.8","7","8","9","9","9","9","9","9","8","8","8","8","8","8","8","8","8","7.8","7","8"
"308307","9.333333333333334","9","10","8","8","8","8","8","8","8","8","8","8","8","8","7.8","7","8","9.4","9","10","9","9","9","8","8","8","8","8","8","8","8","8","7.8","7","8"
"309307","9.5","9","11","8","8","8","8","8","8","8","8","8","8","8","8","7.8","7","8","9.4","9","10","9","9","9","8","8","8","8","8","8","8","8","8","7.8","7","8"
"310307","9.5","9","10","8","8","8","8","8","8","8","8","8","8","8","8","7.8","7","8","9.4","8","11","9.2","8","10","8","8","8","8","8","8","8","8","8","7.8","7","8"
"311307","9.833333333333334","8","11","8","8","8","8","8","8","8","8","8","8","8","8","7.8","7","8","9.4","9","10","9","9","9","8","8","8","8","8","8","8","8","8","7.8","7","8"
"312307","9.333333333333334","6","12","8","8","8","8","8","8","8","8","8","8","8","8","7.8","7","8","8.8","6","10","9","9","9","8","8","8","8","8","8","8","8","8","7.8","7","8"
"313557","16.833333333333332","15","18","8","8","8","8.4","8","9","8.2","8","9","7.8","7","8","7.6","7","8","15.2","12","16","12","12","12","8","8","8","8.8","8","10","8","8","8","7.8","7","8"
"314557","16.5","13","18","8","8","8","8.6","8","9","8.2","8","9","7.8","7","8","7.2","6","8","15","11","16","12","12","12","8","8","8","9.4","8","11","8","8","8","7.8","7","8"
"315557","16.666666666666668","14","18","8","8","8","8.8","8","9","8.4","8","9","7.8","7","8","7.2","6","8","15.8","15","16","12","12","12","8.2","8","9","9.6","8","11","8","8","8","7.8","7","8"
"316557","17.166666666666668","16","18","8","8","8","8.8","8","9","8.4","8","9","7.8","7","8","7.2","6","8","16","15","17","12.4","12","13","8.4","8","9","9.8","8","12","8","8","8","7.8","7","8"
"317557","14.833333333333334","2","18","8","8","8","9","8","10","8.4","8","9","8","8","8","7.4","6","8","16","14","17","12.6","12","13","8.4","8","9","9.8","8","12","8","8","8","7.8","7","8"
"318557","16.166666666666668","11","18","8","8","8","9","8","10","8.2","8","9","8","8","8","7.4","7","8","15.4","14","16","12.6","12","13","8.8","8","9","10.4","9","12","7.8","7","8","7.8","7","8"
"319557","16.833333333333332","16","18","8","8","8","9.2","9","10","8.2","8","9","8","8","8","7.2","6","8","14.8","9","17","12.8","12","13","8.8","8","9","10.4","8","13","8","8","8","7.8","7","8"
"320557","14.833333333333334","4","17","8","8","8","9.4","9","10","8.2","8","9","8","8","8","7.4","6","8","16","15","17","13","12","14","8.8","8","9","10.8","9","13","8","8","8","7.8","7","8"
"321557","16.833333333333332","16","17","8","8","8","9.8","9","11","8.2","8","9","8","8","8","7.4","7","8","15.8","15","17","13","12","14","8.6","8","9","10.8","9","13","8","8","8","7.8","7","8"
"322557","17.166666666666668","15","19","8.2","8","9","9.4","9","10","8.4","8","9","8","8","8","7.4","6","8","15.6","15","16","13.2","12","14","8.8","8","9","10.8","9","13","8","8","8","7.8","7","8"
"323557","16.833333333333332","15","18","8.2","8","9","9.4","9","10","8.6","8","10","8","8","8","7.4","6","8","15.2","14","16","13.4","12","14","8.8","8","9","11.4","9","14","7.8","7","8","7.8","7","8"
"324557","17.166666666666668","13","18","8.2","8","9","9.4","9","10","8.6","8","10","8","8","8","7.2","6","8","15.4","14","17","13.4","12","14","9","9","9","11.4","9","14","7.8","7","8","7.8","7","8"
"325557","17","15","18","8.2","8","9","10.4","9","13","8.6","8","10","8","8","8","7.4","7","8","15.6","14","17","13.4","12","14","9","9","9","11.4","9","14","8","8","8","7.8","7","8"
"326557","16.666666666666668","14","18","8.2","8","9","10.4","9","13","9.2","9","10","8","8","8","7.4","7","8","15","12","16","13.4","12","14","9","9","9","11.6","9","14","7.8","7","8","7.8","7","8"
"327557","16.5","14","17","8.6","8","9","10","9","11","9","8","10","8","8","8","7.4","7","8","15.4","13","16","13.8","12","15","9","9","9","11.8","9","14","8","8","8","7.8","7","8"
"328557","16.833333333333332","14","18","8.6","8","9","10.8","10","13","9","8","10","8","8","8","7.4","7","8","15.2","12","17","14.2","13","15","9","9","9","12.2","9","15","8","8","8","7.8","7","8"
"329557","17","12","19","8.6","8","9","10","9","11","9.2","9","10","8","8","8","7.6","7","8","15.8","14","17","14","13","15","9","9","9","12.2","9","15","8","8","8","7.8","7","8"
"330557","17.166666666666668","15","19","8.6","8","9","10.8","10","13","9","8","10","8","8","8","7.6","7","8","15.8","14","17","14.2","13","15","9","9","9","12.4","10","15","8","8","8","7.8","7","8"
"331557","17.5","17","18","8.6","8","9","10","9","11","9","8","10","8","8","8","7.6","7","8","15.6","13","17","14.4","14","15","9.2","9","10","12.8","10","15","8","8","8","7.8","7","8"
"332557","16.666666666666668","14","18","8.6","8","9","10","9","11","9","8","10","8","8","8","7.6","7","8","15.8","14","17","14.2","13","15","9","9","9","12.8","10","15","8.2","8","9","7.8","7","8"
"333557","16.666666666666668","14","18","8.6","8","9","10.2","9","11","9.2","9","10","8.2","8","9","7.2","6","8","16.4","16","17","14.6","14","15","9.2","9","10","12.8","10","15","8.2","8","9","7.8","7","8"
"334557","17.5","15","19","8.6","8","9","10.2","9","11","9","8","10","8.2","8","9","7.4","6","8","15.6","15","17","14.4","14","15","9.2","9","10","12.8","10","15","8","8","8","7.8","7","8"
"335557","17.166666666666668","16","18","9","8","10","10.4","9","11","9","8","10","8.2","8","9","7.8","7","8","16.2","16","17","14.8","14","15","9","9","9","12.8","10","15","8.2","8","9","7.8","7","8"
"336557","17","15","18","9","8","10","10.4","9","11","9","8","10","8.2","8","9","7.8","7","8","15","11","17","14.6","14","15","9.2","9","10","12.8","10","15","8.2","8","9","7.8","7","8"
"337557","16.666666666666668","14","18","9","8","10","11.4","11","13","9","8","10","8.2","8","9","7.6","7","8","16.4","16","17","15","15","15","9.2","9","10","13","10","15","8.2","8","9","7.8","7","8"
"338557","17.5","15","19","9.2","8","10","10.8","10","11","9.2","8","10","8.2","8","9","7.4","7","8","16.4","16","17","14.8","14","15","9.2","9","10","13","10","15","8.2","8","9","7.8","7","8"
"339557","17.333333333333332","15","18","9.2","8","10","10.6","9","11","9.6","9","10","8.2","8","9","7.8","7","8","16.4","16","17","15","15","15","9.6","9","10","13.2","10","16","8.2","8","9","7.8","7","8"
"340557","15.333333333333334","4","18","9.2","8","10","10.2","8","11","9.6","8","10","8.2","8","9","7.6","7","8","16.4","16","17","15","15","15","9.4","9","10","13.2","10","16","8.2","8","9","7.8","7","8"
"341557","17.166666666666668","17","18","9.2","8","10","10.6","8","12","9.8","9","10","8.2","8","9","7.6","7","8","16.6","15","18","15.2","15","16","9.8","9","10","13.4","10","16","8.2","8","9","7.8","7","8"
"342557","17.166666666666668","16","18","9.2","8","10","10.4","8","11","9.6","9","10","8.2","8","9","7.4","7","8","16.2","15","17","15.2","15","16","10","10","10","13.4","10","16","8.2","8","9","7.8","7","8"
"343557","17","15","19","9.2","8","10","10.6","8","12","9.8","9","10","8.2","8","9","7.6","7","8","16.2","14","17","15.4","15","16","10","10","10","13.4","10","16","8.2","8","9","7.8","7","8"
"344557","16.833333333333332","13","18","9.2","8","10","10.6","8","12","9.8","9","10","8.2","8","9","7.6","7","8","15.6","12","17","15.2","15","16","9.8","9","10","13.6","10","16","8.4","8","9","7.8","7","8"
"345557","17.333333333333332","16","18","9.2","8","10","11","9","12","9.8","9","10","8.2","8","9","7.6","7","8","16","15","17","15.6","15","16","10","10","10","13.4","10","16","8.4","8","9","7.8","7","8"
"346557","17.333333333333332","16","18","9.4","8","10","11.6","9","14","9.8","9","10","8.2","8","9","7.4","7","8","14.8","8","17","15.4","15","16","10","10","10","13.8","11","16","8.4","8","9","7.8","7","8"
"347557","17.5","17","18","9.4","8","10","11.4","8","14","10","9","11","8.2","8","9","7.8","7","8","16","14","17","15.8","15","16","10","10","10","13.8","11","16","8.4","8","9","8","7","9"
"348557","17.5","17","18","9.4","8","10","11.2","8","14","9.8","9","10","8.2","8","9","7.6","7","8","16.2","14","17","15.8","15","16","10","10","10","14","11","16","8.4","8","9","8","7","9"
"349557","17.5","17","19","9.4","8","10","11.8","8","14","10.2","9","11","8.2","8","9","7.6","7","8","16.2","15","17","15.8","15","16","10","10","10","14","11","16","8.4","8","9","8","7","9"
"350557","16.666666666666668","15","18","9.4","8","10","11.8","8","14","10.4","9","11","8.2","8","9","7.6","7","8","16.2","16","17","15.8","15","16","10","10","10","14.2","11","16","8.4","8","9","8","7","9"
"351557","17.5","17","18","9.4","8","10","11.6","9","14","10.2","9","11","8.4","8","9","7.4","7","8","16.4","16","17","15.8","15","16","10","10","10","14.2","11","16","8.4","8","9","8","7","9"
"352557","17.166666666666668","15","18","9.8","9","11","12","9","14","10.4","9","11","8.2","8","9","7.6","7","8","15.6","12","17","15.8","15","16","10","10","10","14.2","11","16","8.4","8","9","8","7","9"
"353557","16.666666666666668","15","18","9.8","9","11","11.6","9","14","10.4","9","11","8.8","8","9","7.4","7","8","16.4","16","17","15.8","15","16","10.2","10","11","14.2","11","16","8.4","8","9","8","7","9"
"354557","17.333333333333332","16","19","9.8","9","11","12.2","10","14","10.4","9","11","8.4","8","9","7.4","7","8","16.4","16","17","15.8","15","16","10.2","10","11","14.2","11","16","8.4","8","9","8","7","9"
"355557","17","13","19","9.8","9","11","12","9","15","10.4","9","11","9","9","9","7.4","7","8","16.4","16","17","15.8","15","16","10.6","10","11","14.2","11","16","8.4","8","9","8.2","7","10"
"356557","16.5","14","18","10","9","11","12","9","14","10.4","9","11","8.8","8","9","7.4","7","8","16.4","16","17","15.8","15","16","10.8","10","11","14.2","11","16","8.4","8","9","8.2","7","10"
"357557","17","14","19","9.8","9","11","12.2","9","15","10.6","9","12","8.4","8","9","7.6","7","8","15.8","15","16","15.8","15","16","10.2","10","11","14.2","11","16","8.4","8","9","8.2","7","10"
"358557","16.833333333333332","13","19","10.2","9","11","12.6","10","15","10.6","9","12","9.2","9","10","7.6","7","8","15.8","15","16","15.8","15","16","11","11","11","14.4","11","16","8.4","8","9","8.2","7","10"
"359557","17.333333333333332","15","18","10.2","9","11","12.6","11","15","10.6","9","12","8.8","8","10","7.6","7","8","15.2","12","17","15.8","15","16","11","11","11","14.4","11","16","8.4","8","9","8.2","7","10"
"360557","17","13","18","10.2","9","11","12.6","10","15","10.8","10","12","9","8","10","7.8","7","8","15.2","11","17","15.8","15","16","11","11","11","14.4","11","16","8.4","8","9","8.2","7","10"
"361557","17.5","17","18","10.4","9","11","12","10","13","10.6","9","12","9","8","10","7.8","7","8","15","11","17","15.8","15","16","11","11","11","14.4","11","16","8.4","8","9","8.2","7","10"
"362557","17.5","16","20","10.4","9","11","11.8","10","13","11.2","10","12","9.2","9","10","7.8","7","8","15.2","11","17","15.8","15","16","11","11","11","14.4","11","16","8.4","8","9","8.2","7","10"
"363557","18.333333333333332","17","20","10.4","9","11","12","10","13","10.6","9","11","9","8","10","7.8","7","8","15.4","11","17","15.8","15","16","11","11","11","14.6","11","16","8.4","8","9","8.2","7","10"
"364557","18.166666666666668","17","20","10.4","9","11","12.2","11","13","11","9","12","9","8","10","7.8","7","8","15.4","13","16","16","16","16","11.2","11","12","14.6","11","16","8.4","8","9","8.2","7","10"
"365557","17.5","17","18","10.4","9","11","12.2","11","13","11.2","10","12","9","9","9","7.6","7","8","15.4","13","17","16","16","16","11","11","11","14.6","11","16","8.4","8","9","8.2","7","10"
"366557","18","17","19","10.4","9","11","11.4","10","13","11.2","10","12","9.2","9","10","7.4","7","8","15.8","15","17","15.8","15","16","11.2","11","12","14.6","11","16","8.4","8","9","8.2","7","10"
"367557","17.833333333333332","17","19","10.4","9","11","11.6","10","13","11.2","10","12","9.2","9","10","7.8","7","8","15.4","14","16","15.8","15","16","10.8","10","11","14.6","11","16","8.4","8","9","8.2","7","10"
"368557","17.666666666666668","17","19","10.4","9","11","12","9","13","11","10","12","9.2","9","10","7.8","7","8","16.4","16","17","15.8","15","16","11","11","11","14.8","12","16","8.4","8","9","8.2","7","10"
"369557","18.166666666666668","17","20","10.4","9","11","12.6","11","14","11.2","10","12","9.2","9","10","7.6","7","8","16.8","14","19","15.8","15","16","11.2","11","12","15","12","17","8.4","8","9","8.2","7","10"
"370557","17.833333333333332","17","19","10.4","9","11","12.8","12","14","11","9","12","9.2","9","10","7.8","7","8","16.2","15","17","15.8","15","16","11","11","11","15","12","16","8.6","8","9","8.4","7","10"
"371557","17.5","17","19","10.4","9","11","12.4","11","13","11.2","10","12","9.2","9","10","7.8","7","8","15.2","12","16","16","16","16","11.2","11","12","15","12","16","8.4","8","9","8.2","7","10"
"372557","17.5","16","19","10.4","9","11","12.6","11","14","11.2","10","12","9.2","9","10","7.8","7","8","15","11","16","15.8","15","16","11.2","11","12","15.2","12","17","8.4","8","9","8.4","7","10"
"373557","17.5","17","19","10.6","9","12","12.4","10","13","11.2","10","12","9","8","10","7.6","7","8","15.2","10","17","16","16","16","11.2","11","12","15.2","12","17","8.6","8","9","8.4","7","10"
"374557","17.333333333333332","16","19","10.6","9","12","12.4","10","14","11.2","10","12","9.2","9","10","7.6","7","8","16","14","17","15.8","15","16","11.8","11","12","15.2","12","17","9","8","10","8.4","7","10"
"375557","17.5","17","19","10.6","9","12","13","12","14","11.2","10","13","9.2","9","10","7.8","7","8","16.4","15","19","15.8","15","16","11.4","11","12","15","12","16","8.8","8","10","8.4","7","10"
"376557","17.666666666666668","16","19","10.8","9","12","12.6","11","14","11.2","10","12","9","9","9","7.8","7","8","15.8","14","17","16","16","16","11.6","11","12","15.2","12","17","8.6","8","10","8.4","7","10"
"377557","17.833333333333332","17","19","10.8","9","12","12.4","11","13","10","3","13","9.2","9","10","7.8","7","8","16.6","16","18","16","16","16","12","12","12","15","12","16","9","8","10","8.4","7","10"
"378557","17.333333333333332","16","19","10.8","9","12","12.4","9","14","9.8","3","13","9","8","10","7.8","7","8","16.6","16","17","16","16","16","11.8","11","12","15","12","16","8.6","8","10","8.4","7","10"
"379557","17.833333333333332","17","19","10.8","9","12","12.6","12","13","10.4","6","12","9.2","9","10","7.6","7","8","16.8","16","18","15.8","15","16","11.4","11","12","15.4","12","17","8.8","8","10","8.4","7","10"
"380557","17.166666666666668","16","18","10.8","9","12","11.8","9","13","11.4","10","13","9.2","9","10","7.6","7","8","16","15","17","16","16","16","11.8","11","12","15.4","12","17","9","8","10","8.4","7","10"
"381557","17.666666666666668","17","19","10.8","9","12","12.8","11","14","11","8","13","9.2","9","10","7.8","7","8","16.8","16","18","15.8","15","16","11.8","11","12","15.2","12","17","9","8","10","8.4","7","10"
"382557","17.5","17","19","10.8","9","12","13","12","14","11","8","13","9.2","9","10","7.8","7","8","16.4","16","17","15.8","15","16","12","12","12","15.2","12","17","9","8","10","8.4","7","10"
"383557","17.333333333333332","17","18","10.8","9","12","12.6","11","14","10.8","8","12","9.2","9","10","7.8","7","8","16.6","16","18","15.8","15","16","11.8","11","13","15.6","12","17","9","8","10","8.4","7","10"
"384557","17.833333333333332","17","18","10.8","9","12","12.8","12","14","11.2","9","13","9.2","9","10","7.8","7","8","16","15","17","16","16","16","11.8","11","12","15.2","12","17","9","8","10","8.4","7","10"
"385557","17.833333333333332","17","18","10.8","9","12","13.2","12","14","11.4","10","13","9.2","9","10","7.8","7","8","16.2","15","17","16","16","16","11.6","11","12","15.2","12","17","9","8","10","8.4","7","10"
"386557","17.333333333333332","17","18","10.8","9","12","13","12","14","11.4","10","13","9","8","10","7.8","7","8","15.2","11","17","16","16","16","11.6","11","12","15.4","12","17","9","8","10","8.4","7","10"
"387557","17.5","17","18","11.2","9","13","12.8","12","14","11.6","11","13","9","8","10","7.8","7","8","16.2","14","17","16","16","16","11.8","11","12","15.8","13","17","9","8","10","8.4","7","10"
"388557","18","16","19","11.2","9","13","13","12","14","11.4","11","13","9","8","10","7.8","7","8","16.2","16","17","15.8","15","16","12","12","12","15.8","13","17","9","8","10","8.4","7","10"
"389557","17.166666666666668","17","18","11.2","9","13","12.8","11","14","11.4","10","13","9.2","9","10","7.8","7","8","16.2","15","17","15.8","15","16","12","12","12","15.8","13","17","9","8","10","8.6","7","10"
"390557","17.333333333333332","17","18","11.2","9","13","13.4","13","14","11.4","11","12","9.2","9","10","7.8","7","8","15.4","13","17","16","16","16","12","12","12","15.8","13","17","9","8","10","8.4","7","10"
"391557","17.166666666666668","16","18","11.4","9","13","13","12","14","11.8","11","13","9.2","9","10","7.8","7","8","16.2","15","17","16","16","16","11.8","11","12","15.8","13","17","9","8","10","8.6","7","10"
"392557","17.166666666666668","17","18","11.4","9","13","13.4","12","14","11.6","11","13","9","8","10","7.8","7","8","16.2","15","17","16","16","16","11.8","11","12","16","13","17","9","8","10","8.6","7","10"
"393557","17.166666666666668","16","18","11.4","9","13","13.6","13","14","11.6","11","13","9.2","9","10","7.8","7","8","16.2","16","17","16","16","16","12","12","12","15.8","13","17","9","8","10","8.6","7","10"
"394557","17","17","17","11.4","9","13","13.4","12","14","12","11","13","9","8","10","7.8","7","8","16","15","17","15.8","15","16","11.8","11","12","16","13","17","9","8","10","8.6","7","10"
"395557","17.333333333333332","17","18","11.8","10","13","13.4","12","14","11.8","11","13","9.4","9","10","7.6","7","8","15.6","12","17","16","16","16","12.2","12","13","15.8","13","17","9","8","10","8.6","7","10"
"396557","16.666666666666668","15","18","11.8","10","13","13.6","13","14","12","11","13","9","8","10","7.8","7","8","14.8","9","17","16","16","16","12","12","12","16","13","17","9","8","10","8.6","7","10"
"397557","17.166666666666668","17","18","11.8","10","13","13.4","11","14","12","11","13","9","8","10","7.6","7","8","16","15","17","15.8","15","16","11.8","11","12","16","13","17","9","8","10","8.6","7","10"
"398557","17.333333333333332","17","18","11.8","10","13","13.4","12","14","12","11","13","9","8","10","7.6","7","8","15.4","12","17","15.8","15","16","12","11","13","16","13","17","9","8","10","8.6","7","10"
"399557","17","17","17","11.8","10","13","13.6","13","14","12.4","12","13","9","8","10","7.6","7","8","16.6","16","19","16","16","16","12","11","13","16","13","17","9.2","8","11","8.6","7","10"
"400557","15.166666666666666","7","17","11.8","10","13","13.8","13","14","12.2","11","13","9.2","8","10","7.8","7","8","15.8","15","16","16","16","16","11.8","11","12","16","14","17","9.2","8","11","8.6","7","10"
"401557","17.833333333333332","17","19","11.8","10","13","13.6","13","14","12.4","12","13","9.2","8","10","7.8","7","8","16","16","16","16","16","16","12.6","12","13","16.2","14","17","9.2","8","11","8.6","7","10"
"402557","17.666666666666668","17","19","11.8","10","13","13.6","13","14","12.2","12","13","9","8","10","7.8","7","8","16","16","16","16","16","16","12.4","11","13","16.2","14","17","9.2","8","11","8.6","7","10"
"403557","18","17","19","11.8","10","13","13.8","13","14","12.4","12","13","9.2","8","10","7.8","7","8","16.4","16","17","15.8","15","16","12.4","11","13","16.2","14","17","9.4","8","11","8.6","7","10"
"404557","17.833333333333332","17","20","11.8","10","13","13.6","13","14","12.4","12","13","9.2","8","10","7.8","7","8","15.2","11","17","16","15","17","12.2","11","13","16","14","17","9.4","8","11","8.6","7","10"
"405557","17.666666666666668","17","19","11.8","10","13","13.6","13","14","12.6","12","14","9.2","8","10","7.6","7","8","16.4","16","18","16","16","16","12.2","11","13","16.2","14","17","9.4","8","11","8.6","7","10"
"406557","17.333333333333332","17","18","11.8","10","13","13.6","13","14","12.4","12","13","9.2","8","10","7.6","7","8","15.6","13","17","15.8","15","16","12.6","11","13","16.2","14","17","9.4","8","11","8.6","7","10"
"407557","17.166666666666668","17","18","11.8","10","13","13.2","12","14","12.4","12","13","9.4","8","10","7.6","7","8","16.4","16","18","15.8","15","16","12.2","10","13","16.2","14","17","9.4","8","11","8.6","7","10"
"408557","18.166666666666668","17","19","12","10","13","13.4","12","14","12.2","11","14","9.2","8","10","7.6","7","8","16.4","16","17","16","16","16","12.2","10","13","16.2","14","17","9.4","8","11","8.6","7","10"
"409557","16.166666666666668","9","18","12","10","13","13","12","14","12.2","11","13","9","8","10","7.8","7","8","16.4","16","18","16","16","16","12","10","13","16.2","14","17","9.4","8","11","8.6","7","10"
"410557","17.333333333333332","16","18","12","10","13","13.2","12","14","12.8","12","14","9.2","8","10","7.6","7","8","16.6","16","18","16","16","16","11.8","10","13","16.2","14","17","9.4","8","11","8.6","7","10"
"411557","17.833333333333332","17","19","12","10","13","13.2","12","14","12","11","13","9.4","8","10","7.8","7","8","16.2","16","17","16","16","16","12","10","13","16.2","14","17","9.4","8","11","8.6","7","10"
"412557","17.833333333333332","17","18","12","10","13","13","11","14","12","11","13","9.6","9","10","7.8","7","8","15.2","12","16","16","16","16","12","10","13","16.2","14","17","9.4","8","11","8.6","7","10"
"413557","18","16","20","12","10","13","13.2","12","14","12.2","11","13","9.6","9","10","7.8","7","8","15.6","13","17","15.8","15","16","12.2","10","13","16.2","14","17","9.4","8","11","8.6","7","10"
"414557","17.333333333333332","17","18","12","10","13","13.4","12","15","12.2","11","13","9.4","8","10","7.6","7","8","15.2","11","17","16","16","16","12","10","13","16.2","14","17","9.4","8","11","8.6","7","10"
"415557","17.833333333333332","17","19","12","10","13","13","10","14","12.8","12","14","9.4","8","10","7.6","7","8","16.4","15","17","15.8","15","16","12.2","10","13","16.2","14","17","9.4","8","11","8.8","7","11"
"416557","17.666666666666668","17","19","12","10","13","13.6","12","15","12.2","10","14","9.4","9","10","7.8","7","8","16.2","15","17","16","16","16","12.2","10","13","16.2","14","17","9.4","8","11","8.8","7","11"
"417557","17.166666666666668","17","18","12","10","13","13.6","13","14","12.4","12","13","9.4","8","10","7.6","7","8","16.4","16","17","16","16","16","12","10","13","16.2","14","17","9.4","8","11","8.6","7","10"
"418557","16.666666666666668","12","18","12.2","10","14","13","12","14","12.2","11","13","9.6","8","10","7.8","7","8","16","15","17","15.8","15","16","12.2","11","13","16.2","14","17","9.4","8","11","8.8","7","11"
"419557","17.333333333333332","17","18","12","10","13","13.4","12","14","12.4","11","13","9.6","9","10","7.6","7","8","16.4","15","18","15.8","15","16","12.6","11","13","16.2","14","17","9.4","8","11","9","7","12"
"420557","17.5","17","19","12","10","13","13.6","12","15","12.6","11","14","9.4","8","10","7.8","7","8","15.6","13","17","16","16","16","12.4","11","13","16.2","14","17","9.4","8","11","9","7","12"
"421557","17","14","18","12.2","10","14","13","11","14","12.4","12","13","9.4","8","10","7.6","7","8","16","14","17","15.8","15","16","12.6","11","13","16.2","14","17","9.6","9","11","9","7","12"
"422557","17.833333333333332","17","19","12.2","10","14","13.6","12","15","12.8","12","14","9.6","9","10","7.6","7","8","16.4","15","18","16","16","16","12.4","9","14","16.2","14","17","9.8","9","11","8.8","7","11"
"423557","17.5","17","19","12.2","10","14","13.4","12","15","12.8","12","14","9.6","9","10","7.6","7","8","16.2","16","17","15.8","15","16","12.2","9","13","16.2","14","17","9.6","9","11","9","7","12"
"424557","17.5","17","19","12.4","10","14","13.6","12","15","12.8","12","14","9.8","9","10","7.8","7","9","16","15","17","16","16","16","12.2","9","13","16.4","15","17","10","9","11","9","7","12"
"425557","17","16","18","12.4","10","14","13.4","12","14","13.2","12","14","9.6","9","10","7.8","7","8","16.2","16","17","16","16","16","12.2","9","14","16.4","15","17","9.8","9","11","9","7","12"
"426557","17.166666666666668","16","19","12.4","10","14","13.2","11","15","12.8","12","14","9.6","9","10","7.6","7","8","16.8","16","18","16","16","16","12.6","9","14","16.4","15","17","10","9","11","9","7","12"
"427557","17.666666666666668","17","18","12.4","10","14","13.2","12","14","13","12","14","9.6","9","10","7.6","7","8","16","15","17","16","16","16","12.2","9","13","16.4","15","17","10.4","9","13","9","7","12"
"428557","17.5","17","19","12.4","10","14","13.6","12","15","13","12","14","9.6","9","10","7.6","7","8","15.8","12","18","16.2","16","17","12.2","9","14","16.4","15","17","10","9","11","7.4","0","12"
"429557","17.666666666666668","16","20","12.4","10","14","14","12","15","13","12","14","9.6","9","10","7.6","7","8","16.2","14","17","16","16","16","12.4","10","13","16.4","15","17","10.4","9","13","9","7","12"
"430557","17.333333333333332","17","19","12.4","10","14","13.4","12","14","13","12","14","9.6","9","10","7.6","7","8","16.6","16","17","16","16","16","12.2","10","14","16.4","15","17","10.4","9","13","9","7","12"
"431557","17.666666666666668","16","19","12.4","10","14","13.2","12","14","12.2","11","14","9.6","9","10","7.6","7","8","16.6","16","17","16","16","16","12.6","10","14","16.4","15","17","10.4","9","13","9","7","12"
"432557","17.166666666666668","15","18","12.6","10","14","13","11","14","12.8","12","14","9.6","9","10","7.6","7","8","13.8","4","17","16","16","16","12.4","10","13","16.4","15","17","10.4","9","13","9","7","12"
"433557","17","16","19","12.4","10","14","14","12","15","12.8","12","14","9.6","9","10","7.8","7","8","15.4","12","17","16","16","16","12","10","13","16.4","15","17","10.2","9","13","9","7","12"
"434557","17.666666666666668","17","19","12.4","10","14","13.8","12","15","12.4","12","13","9.6","9","10","8","7","9","16","15","17","16","16","16","12.6","10","14","16.4","15","17","10.4","9","13","9","7","12"
"435557","17.666666666666668","17","19","12.6","10","14","13.4","12","15","13","12","14","9.8","9","11","7.6","7","8","16","15","17","16","16","16","12.6","10","14","16.4","15","17","10.4","9","13","9","7","12"
"436557","17.666666666666668","16","20","12.6","10","14","14","13","15","12.8","12","14","10","9","11","7.8","7","9","16.2","15","17","16","16","16","12.8","10","14","16.4","15","17","10.4","9","13","9","7","12"
"437557","17.333333333333332","17","18","12.6","10","14","13.6","12","15","13","12","14","9.8","9","10","7.6","7","8","16","14","17","16","16","16","12.8","10","14","16.4","15","17","10.4","9","13","9","7","12"
"438557","16.666666666666668","14","18","12.8","11","14","13","10","14","12.8","12","14","9.8","9","10","7.8","7","8","15.4","12","17","16","16","16","12.4","10","14","16.4","15","17","10.4","9","13","9","7","12"
"439557","17.666666666666668","17","19","12.6","10","14","13.8","12","15","13","12","14","9.6","9","10","7.6","7","8","16","15","17","16","16","16","13","11","14","16.4","15","17","10.6","9","13","9","7","12"
"440557","16.833333333333332","16","18","12.6","10","14","13.6","12","15","13.2","12","14","9.8","9","11","7.6","7","8","16.4","16","17","15.8","15","16","12.6","10","14","16.4","15","17","10.4","9","13","9","7","12"
"441557","17.333333333333332","17","18","12.6","10","14","14","13","15","13","12","14","10","9","11","7.6","7","8","16.2","15","17","16","16","16","13","11","14","16.4","15","17","10.4","9","13","9","7","12"
"442557","17.166666666666668","17","18","12.6","10","14","13.8","12","15","13.2","12","14","10","9","11","7.6","7","8","16","15","17","16","16","16","13.4","11","14","16.4","15","17","10.4","9","13","9","7","12"
"443557","17.333333333333332","17","18","12.6","10","14","14.2","14","15","13.2","12","14","10","9","11","7.8","7","8","15.8","15","16","16","16","16","13.4","11","14","16.4","15","17","10.4","9","13","9","7","12"
"444557","17.166666666666668","16","18","12.8","11","14","14.6","14","15","13.2","13","14","9.8","9","11","7.6","7","8","16.4","16","18","16","16","16","13","11","14","16.4","15","17","10.4","9","13","9","7","12"
"445557","16.166666666666668","6","19","12.6","10","14","14.2","12","15","12.8","12","14","10","9","11","7.6","7","8","15.2","11","17","16","16","16","13","11","14","16.4","15","17","10.6","9","13","9","7","12"
"446557","17.5","16","20","12.6","10","14","14.2","13","15","13.2","13","14","9.8","9","11","7.8","7","9","16","15","17","16","16","16","13","11","14","16.4","15","17","10.4","9","13","9","7","12"
"447557","15.5","6","19","12.8","11","14","13.8","11","15","13","12","14","10","9","11","7.6","7","8","15.2","12","16","16","16","16","13","11","14","16.4","15","17","10.4","9","13","9","7","12"
"448557","17","12","20","12.6","10","14","14.2","14","15","13.2","13","14","10.2","10","11","7.6","7","8","16","16","16","16","16","16","12.8","11","14","16.4","15","17","10.6","9","14","9","7","12"
"449557","17.166666666666668","14","19","12.6","10","14","13.8","11","15","12.8","12","14","10","9","11","7.8","7","9","16.2","16","17","16","16","16","12.6","11","13","16.4","15","17","10.6","9","13","9","7","12"
"450557","17.833333333333332","17","19","13","11","14","13.8","11","15","13.2","12","14","10.2","10","11","8","7","9","16","16","16","16.2","16","17","13.4","12","14","16.4","15","17","10.8","9","14","9","7","12"
"451557","17.5","17","18","12.8","11","14","14.2","13","15","13.2","12","14","10.2","10","11","7.8","7","9","15.8","15","16","16.2","16","17","13","11","14","16.4","15","17","10.8","9","14","9","7","12"
"452557","16.333333333333332","11","19","13","11","14","14","13","15","13.2","12","14","10.2","10","11","7.8","7","8","16.2","16","17","16","16","16","13.4","12","14","16.4","15","17","10.8","9","14","9","7","12"
"453557","16.666666666666668","14","18","12.8","10","14","14","12","15","13","12","14","10.2","10","11","7.6","7","8","16.2","16","17","16","16","16","12.8","11","14","16.4","15","17","10.8","9","14","9","7","12"
"454557","16.5","10","20","12.8","10","14","13.8","11","15","13.2","12","14","10","9","11","7.8","7","9","15.8","15","16","16","16","16","13.2","12","14","16.4","15","17","10.8","9","14","9","7","12"
"455557","16.5","13","18","13","11","14","14.2","13","15","13.2","12","14","10.2","10","11","8","7","9","16","16","16","16","16","16","13","11","14","16.4","15","17","10.8","9","14","9","7","12"
"456557","16.166666666666668","10","19","12.8","10","14","14.6","14","15","13","12","15","9.8","8","11","7.8","7","9","16.2","16","17","15.8","15","16","13","11","14","16.4","15","17","10.8","9","14","9","7","12"
"457557","17","11","20","13","11","14","14.6","14","15","13.2","12","14","9.8","8","11","8","8","8","16","15","17","16","16","16","13.2","12","14","16.4","15","17","10.8","9","14","9","7","12"
"458557","15.666666666666666","4","20","13","11","14","14.4","13","15","13.2","12","14","9.8","8","11","8","7","9","16.2","16","17","16","16","16","13.4","11","14","16.4","15","17","10.8","9","14","9","7","12"
"459557","15.666666666666666","8","19","13","11","14","14.2","13","15","13.2","12","14","8.4","2","11","8","7","9","16","15","17","16","16","16","13.2","11","14","16.4","15","17","10.8","9","14","9","7","12"
"460557","16","9","19","13","11","14","14.4","13","15","13.4","13","14","8.6","3","11","7.8","7","8","16.2","16","17","16","16","16","13.2","12","14","16.4","15","17","10.8","9","14","9","7","12"
"461557","16.666666666666668","12","20","13","11","14","13.8","10","15","13","12","14","8.8","3","11","7.6","7","8","16.2","16","17","15.8","15","16","13.6","12","14","16.4","15","17","10.8","9","14","9","7","12"
"462557","17","14","19","13","11","14","14.6","14","15","13.2","13","14","8.8","3","11","8","7","9","16.6","16","19","16","16","16","13.4","12","14","16.4","15","17","10.8","9","14","9","7","12"
"463557","16.166666666666668","8","20","13","11","14","14","12","15","13.6","13","14","8.8","3","11","7.8","7","9","16.4","16","17","16.2","16","17","13.6","12","14","16.4","15","17","11","9","14","9","7","12"
"464557","16.833333333333332","14","19","13","11","14","14.2","13","15","13.2","12","14","8.8","3","11","7.8","7","8","16.6","16","19","16","16","16","13.2","12","14","16.4","15","17","10.8","9","14","9","7","12"
"465557","16.5","11","19","12.8","10","14","14.2","13","15","13.2","12","14","8.8","3","11","8","7","9","14.8","11","17","16","16","16","13.6","12","15","16.4","15","17","10.8","9","14","9","7","12"
"466557","16.833333333333332","12","19","13.2","11","14","14.2","13","15","13.6","13","14","8.8","3","11","7.8","7","9","16.2","16","17","16","16","16","13.6","12","14","16.4","15","17","11","9","14","9","7","12"
"467557","16.666666666666668","12","19","13","11","14","14.4","14","15","13","12","14","8.8","3","11","7.8","7","8","16.2","16","17","15.8","15","16","13.4","12","14","16.4","15","17","10.8","9","14","9","7","12"
"468557","16.166666666666668","11","19","13","11","14","14.4","13","15","13","12","15","8.8","3","11","8","8","8","16.6","16","18","16.2","16","17","13.4","12","14","16.4","15","17","11","9","14","9","7","12"
"469807","20.5","12","23","13","10","14","14.2","12","16","12.4","12","13","8.4","3","10","7.8","7","9","17","15","18","17.4","17","18","12.2","11","13","18","16","20","10.6","9","14","9","7","12"
"470807","20.666666666666668","8","24","13","10","14","14.2","12","16","12.4","12","14","8","3","10","7.8","7","9","16.2","8","19","18","17","20","12.4","11","13","18.6","16","20","10.8","9","14","9","7","12"
"471807","21.333333333333332","11","24","13","10","14","14.8","14","16","12.2","12","13","8.2","3","10","7.6","7","8","19.4","18","23","17.4","16","18","12.2","11","13","19","16","21","10.6","9","14","9","7","12"
"472807","21.666666666666668","17","24","13","10","14","15","14","16","12.4","11","13","8.2","3","10","7.8","7","9","17.8","17","19","18","17","19","12.6","11","13","19.2","16","22","10.8","9","14","9","7","12"
"473807","21.5","16","24","13","10","14","14.2","11","16","12.4","11","13","8.2","3","10","7.8","7","9","18.8","17","22","18","17","19","12.6","11","13","19.6","16","22","10.8","9","14","9","7","12"
"474807","22.166666666666668","17","25","13","10","14","14.2","11","16","12.6","12","13","8.2","3","10","7.6","6","9","19.4","18","22","18.2","17","20","12.4","11","14","19.8","16","23","10.6","9","14","9","7","12"
"475807","22.833333333333332","18","25","13","10","14","14.2","11","16","12.4","12","13","8.2","3","10","7.8","7","9","18.8","18","19","18.2","17","19","12.8","11","14","20","16","23","10.8","9","14","9","7","12"
"476807","22.5","14","26","13","10","14","15","14","16","12.6","11","14","8.2","3","10","7.6","7","8","20.2","19","22","18.2","17","19","12.6","11","14","20.4","16","24","10.6","9","14","9","7","12"
"477807","20.666666666666668","2","26","13.2","10","15","14.6","11","17","12.6","11","14","8.2","3","10","7.6","7","8","20.4","18","25","19","17","22","12.4","11","14","20.8","16","24","10.8","9","14","9","7","12"
"478807","23.666666666666668","12","28","13.2","10","15","15.6","15","17","13.2","12","14","8.6","4","10","8","7","9","20.2","19","23","18.2","17","20","12.6","11","13","21.2","16","25","10.8","9","14","9","7","12"
"479807","22.833333333333332","5","28","13.2","10","15","15.2","13","17","12.6","11","14","8.2","3","10","7.6","7","8","21","19","24","18.8","17","21","12.6","11","13","21.4","16","25","10.8","9","14","9","7","12"
"480807","25.333333333333332","16","29","13.2","10","15","16","15","17","12.8","12","14","8.2","3","10","8","7","9","22.2","19","29","18.6","17","21","12.8","11","14","21.8","16","25","10.8","9","14","9","7","12"
"481807","27.333333333333332","24","30","13.2","10","15","15.8","15","17","12.8","12","14","8.2","3","10","7.6","7","8","20.6","18","26","19","16","22","12.8","12","13","22.2","16","26","10.8","9","14","9","7","12"
"482807","28.666666666666668","25","32","13.2","10","15","15.2","12","17","12.8","12","14","8.2","3","10","8","7","9","21.4","18","27","19","17","21","13.2","11","14","22.8","16","26","10.8","9","14","9","7","12"
"483807","24.833333333333332","8","30","13.2","10","15","15.2","12","17","13.2","12","14","8.4","4","10","7.8","7","9","21","18","26","19.4","18","21","12.8","11","14","23","16","26","10.8","9","14","9","7","12"
"484807","27","19","31","13.2","10","15","14.8","12","17","13","12","14","8.8","6","10","7.8","7","9","22.6","21","25","19.2","18","20","12.8","11","14","23.6","16","27","10.8","9","14","9","7","12"
"485807","29","28","31","13.2","10","15","15.4","12","17","13.2","12","14","8.8","7","10","7.6","7","8","22.8","19","27","18.8","17","20","13.4","12","14","23.8","16","27","10.6","9","14","9","7","12"
"486807","29.166666666666668","27","31","13.2","10","15","14.8","13","16","13","11","14","9.2","8","10","7.6","7","8","24","21","28","19.8","18","21","12.8","11","14","23.8","16","27","11","10","14","9","7","12"
"487807","29","25","32","13.2","10","15","15.4","13","18","13.2","12","14","9.4","8","10","7.8","7","9","22.8","20","28","20","18","21","12.6","11","14","24","16","27","10.8","9","14","9","7","12"
"488807","30.166666666666668","29","31","13.4","11","15","15.6","13","17","13.4","12","14","9.4","8","10","7.6","7","8","24","21","27","19.4","18","21","12.6","10","14","24","16","27","10.8","9","14","9","7","12"
"489807","29.666666666666668","28","31","13.2","10","15","15.2","12","17","13.4","12","14","9.2","8","10","7.6","7","8","23.4","21","27","19.8","18","21","12.8","11","14","24.6","16","28","10.8","9","14","9","7","12"
"490807","29.333333333333332","26","31","13.2","10","15","14.8","13","17","13.2","12","14","9.4","8","10","8","7","9","24.6","22","28","20.4","19","22","12.2","10","14","24.8","16","28","10.8","9","14","9","7","12"
"491807","31","30","32","13.2","10","15","15.2","12","17","13.6","12","15","9.2","8","10","7.8","7","9","23.4","22","25","20.2","18","22","12.4","10","15","24.8","16","28","10.8","9","14","9","7","12"
"492807","30.5","29","32","13.2","10","15","16","15","18","13.6","12","15","9.2","8","10","7.8","7","9","21.2","8","27","20.8","19","22","12.8","11","14","24.8","16","28","10.6","9","14","9","7","12"
"493807","27.833333333333332","15","32","13.2","10","15","15.4","13","18","13.2","12","15","9.4","8","10","7.8","7","9","23.2","18","26","20.4","18","22","12.4","11","14","25","16","28","10.6","9","14","9","7","12"
"494807","30.833333333333332","29","32","13.2","10","15","14.8","12","17","13.2","12","14","9.2","8","10","7.8","7","9","22.8","15","27","16.6","1","22","12.6","10","14","25.6","16","29","10.8","9","14","9","7","12"
"495807","27.666666666666668","13","32","13.2","10","15","15.4","12","18","13.6","12","15","9.4","8","10","7.6","7","8","24","22","27","21.2","21","22","12.6","11","15","25.6","16","29","10.8","9","14","9","7","12"
"496807","26.833333333333332","7","32","13.2","10","15","15.2","12","18","13.6","12","15","9.4","8","10","7.8","7","9","24.8","23","26","21.4","21","22","12.6","11","15","25.6","16","29","11","10","14","9","7","12"
"497807","29.333333333333332","22","31","13.2","10","15","15.2","12","18","13.8","12","15","9.2","8","10","8","7","9","24.8","22","28","21.6","21","23","12.6","12","14","25.6","16","29","10.8","9","14","9","7","12"
"498807","31","30","32","13.2","10","15","15.6","12","18","13.8","12","16","9.4","8","10","8","7","9","25","23","27","21.4","20","23","12.4","12","14","25.8","16","29","10.8","9","14","9","7","12"
"499807","30.333333333333332","27","32","13.4","11","15","15.8","12","18","13.4","12","15","9.4","8","10","7.8","7","9","23.8","17","29","21.4","20","23","12.4","11","14","26","17","29","10.8","9","14","9","7","12"
"500807","31.5","31","32","13.2","10","15","15.8","12","18","13.6","13","14","9.4","8","11","7.8","7","9","26","23","29","21","18","22","12.8","11","14","26.2","16","30","10.6","9","14","9","7","12"
"501807","30.5","27","32","13.4","11","15","13.8","12","18","13.2","12","15","9.2","8","10","7.8","7","8","25.6","23","27","21.2","20","22","13","11","15","26.6","17","30","10.6","9","14","9","7","12"
"502807","26.166666666666668","2","32","13.2","10","15","14.4","12","18","14.4","13","16","9.2","8","10","7.8","7","8","26.6","25","28","22.4","22","23","13.4","11","15","26.8","17","30","10.8","9","14","9","7","12"
"503807","26.166666666666668","3","32","13.2","10","15","14.4","11","17","13.6","12","15","9.2","8","10","7.8","7","9","26.6","26","29","22.6","21","24","12.6","11","14","26.8","17","30","10.8","9","14","9","7","12"
"504807","27","6","32","13.2","10","15","15.8","12","18","14","13","15","9.2","8","10","7.6","7","8","26.6","25","29","22.2","19","25","13.2","11","14","26.8","17","30","11","10","14","9","7","12"
"505807","28.333333333333332","12","32","13.2","10","15","16","11","18","13.8","13","15","9.4","8","10","7.6","7","8","26.8","23","30","21.6","18","23","13","10","14","26.8","17","30","10.8","9","14","9","7","12"
"506807","30.833333333333332","28","32","13.2","10","15","16.4","12","18","13.8","13","15","9.6","8","10","7.8","7","9","26.4","24","28","22","17","24","12.8","11","14","26.8","17","30","10.8","9","14","9.2","7","12"
"507807","31","29","32","13.2","10","15","16","12","18","13.8","12","15","9","8","10","8.2","7","9","26.8","22","30","19.4","8","23","13","11","14","27","17","30","10.8","9","14","9","7","12"
"508807","31.666666666666668","29","33","13.2","10","15","16","12","18","13.8","13","16","9","8","10","7.6","7","8","27.4","26","29","22","20","23","10.6","1","15","27.4","17","31","11","10","14","9.2","7","12"
"509807","31.5","30","32","13.2","10","15","16","12","19","13.8","13","14","9.2","8","11","7.6","7","8","26.4","24","28","22.6","21","24","12.4","11","15","27.2","17","30","11","9","14","9.2","7","12"
"510807","31.5","29","33","13.2","10","15","16.4","12","19","14.2","13","15","9.6","8","10","8","7","9","25.8","19","29","23.4","21","25","13.4","11","15","27.4","17","31","10.8","9","14","9.2","7","12"
"511807","31.666666666666668","30","32","13.2","10","15","15.2","12","17","14","12","16","9.4","8","10","8.2","7","9","27.8","26","29","22","19","23","13.6","11","15","27.4","17","31","11","10","14","9.2","7","12"
"512807","31.666666666666668","30","32","13.2","10","15","16.2","12","19","13.8","11","15","9","8","10","7.8","7","9","27.6","26","29","23.6","22","25","13.6","11","15","27.6","17","31","10.8","9","14","9.2","7","12"
"513807","32","31","33","13.2","10","15","15.6","12","20","14.4","12","16","9.4","8","11","7.8","7","8","26.2","21","29","22.8","21","24","13.6","11","16","27.6","17","31","11","10","14","9.2","7","12"
"514807","31.833333333333332","30","33","13.4","10","15","16.8","12","19","14.4","12","16","9.2","8","10","8","7","9","25.4","18","28","23.2","22","25","13.6","11","15","27.6","17","31","11","10","14","9.2","7","12"
"515807","31.833333333333332","31","32","13.2","10","15","16.2","12","18","14.4","13","16","9.6","8","11","7.6","7","8","24.8","18","29","23.2","20","25","13.4","12","15","27.6","17","31","11.2","10","14","9.2","7","12"
"516807","31.666666666666668","30","33","13.4","11","15","16","12","19","14.4","12","16","9.4","8","10","7.8","7","9","24","6","29","24","22","25","13.8","11","15","27.8","17","31","11","10","14","9.2","7","12"
"517807","31.833333333333332","31","32","13.4","10","15","16","12","18","14.4","13","16","9.4","8","10","8","7","9","23.4","7","29","22.8","18","24","13.4","11","15","28","17","31","11","10","14","9.2","7","12"
"518807","31.666666666666668","31","32","13.4","10","15","16","6","20","13.8","11","17","9.2","8","10","7.6","7","8","25.8","20","28","24","22","25","13.8","11","16","28","17","31","11","10","14","9.2","7","12"
"519807","31.833333333333332","31","32","13.4","10","15","16.4","12","18","14.2","12","16","9.6","8","11","8","7","9","27.8","24","29","23.2","17","25","13.4","11","15","28.2","17","32","11","10","14","9.2","7","12"
"520807","31.666666666666668","31","32","13.6","11","15","17.2","12","20","14.4","13","17","9.4","8","11","8.2","7","9","28.2","25","30","23.8","21","25","14.2","12","16","28","17","31","10.8","9","14","9.2","7","12"
"521807","31.666666666666668","29","33","13.4","10","15","17.2","12","19","14","12","16","9","8","10","8","7","9","25.4","18","29","24","22","25","14","11","16","28","17","31","11","10","14","9.2","7","12"
"522807","31.833333333333332","29","33","13.6","11","15","17","10","19","13.6","13","14","9.6","8","10","8.2","7","9","28.4","25","31","23.8","22","25","14.2","11","15","28.2","17","32","10.8","9","14","9.2","7","12"
"523807","26.833333333333332","1","32","13.6","11","15","16.8","12","19","14.2","13","16","9.8","8","11","8","7","9","27.8","22","30","24","21","26","13.8","11","15","28.2","17","32","11","10","14","9.2","7","12"
"524807","32.166666666666664","32","33","13.4","10","15","17.4","12","20","14","12","16","9.8","8","11","7.8","7","9","27.2","21","30","24.4","22","26","13.8","12","15","28.2","17","32","10.8","9","14","9.2","7","12"
"525807","31.666666666666668","29","33","13.6","11","15","16.6","12","19","13.2","12","14","9.8","8","11","8.4","7","9","25.2","11","30","24.2","21","25","14.2","12","16","28.4","18","32","11","10","14","9.2","7","12"
"526807","32.333333333333336","32","33","13.6","11","15","17","13","18","14.2","13","16","9.2","8","10","8.4","7","9","28","23","30","24.6","23","25","14.2","12","16","28.4","17","32","11","10","14","9.2","7","12"
"527807","31.833333333333332","30","33","13.6","11","15","17.2","13","20","14.2","11","16","9.4","8","10","8.4","7","9","28.2","25","30","22.8","12","26","14.4","12","16","28.4","17","32","11.2","10","14","9.2","7","12"
"528807","31.666666666666668","28","33","13.4","10","15","17.2","14","19","14.4","12","16","9.6","8","11","8.2","7","9","28.2","23","30","24.6","21","27","14.6","12","17","28.4","17","32","11","10","14","9.2","7","12"
"529807","32.166666666666664","31","33","13.6","11","15","17.6","14","20","14.8","13","16","9.2","8","11","7.8","7","8","28.6","26","30","24.4","20","26","13.8","10","16","28.6","18","32","11.2","10","14","9.2","7","12"
"530807","32.166666666666664","31","33","13.6","11","15","17","14","20","15","13","17","9.6","8","10","8.2","7","9","28","26","30","25","24","26","14","10","16","28.8","18","32","11","10","14","9.2","7","12"
"531807","31.833333333333332","27","35","13.4","10","15","17.4","14","19","15.4","14","17","9.6","8","11","8","7","9","30.6","29","32","25.2","23","27","14.2","9","16","28.6","18","32","10.8","9","14","9.2","7","12"
"532807","32","32","32","13.4","10","15","17.6","14","20","14.8","13","17","9.8","8","11","8.4","8","9","29","28","30","23.8","18","26","14.4","10","17","28.8","18","32","10.8","9","14","9.2","7","12"
"533807","31.833333333333332","28","33","13.6","11","15","17","14","20","14.6","12","16","9.4","8","11","8","7","9","24","2","30","24.4","23","25","14","10","16","28.8","18","32","11","10","14","9.2","7","12"
"534807","32","30","33","13.6","11","15","17.8","13","20","15.2","14","16","9.6","8","11","8.2","7","9","29.2","24","32","24.8","23","26","14.4","10","16","29","18","32","11","10","14","9.2","7","12"
"535807","31.5","29","33","13.6","11","15","17.6","14","19","15","13","17","9.6","8","11","8.4","8","9","30.2","29","32","25","23","27","14.4","10","16","29","18","32","11","10","14","9.2","7","12"
"536807","32.333333333333336","32","33","13.4","10","15","17.6","14","19","15.2","13","17","9.6","8","11","8.6","8","9","29.6","25","32","23.8","21","25","13.8","10","16","29","18","32","11.2","10","14","9.2","7","12"
"537807","32.5","32","33","13.6","11","15","16.4","8","20","15","13","16","9.6","8","11","8.2","7","9","29.2","27","31","24.2","20","26","14","10","17","29","18","32","11","10","14","9.2","7","12"
"538807","32.666666666666664","32","33","13.4","10","15","17.4","11","21","15.6","14","17","9.8","8","11","8.4","7","9","29.8","27","32","25.2","22","27","14.4","10","17","28.8","18","32","11.2","10","14","9.2","7","12"
"539807","32.333333333333336","31","33","13.6","11","15","16.2","11","20","14.8","13","17","9.8","8","12","8.2","7","9","28.6","22","32","25","23","27","14.6","10","16","29","18","32","11","10","14","9.2","7","12"
"540807","33.166666666666664","33","34","13.6","11","15","16","12","20","14.8","13","16","9.8","8","11","8.2","7","9","29.4","27","31","25.2","23","27","14.8","11","16","29","18","32","11.2","10","14","9.2","7","12"
"541807","33","32","34","13.8","11","16","16.4","12","20","15","13","17","9.8","8","11","8.2","7","9","30.2","29","31","24.8","19","27","14.8","10","17","29","18","32","11","10","14","9.2","7","12"
"542807","31.5","27","33","13.6","11","15","17","13","21","14.8","13","17","9.8","8","11","8.4","8","9","30","29","31","24.8","19","27","14.6","10","16","29","18","32","11","10","14","9.2","7","12"
"543807","31.666666666666668","27","33","13.6","11","15","17","13","20","14.8","14","16","9.6","8","11","8.6","8","9","29.4","28","31","26","25","27","14.8","10","18","29","18","32","11.2","10","14","9.2","7","12"
"544807","30","16","34","13.6","10","16","16.6","13","19","14.8","13","16","9.6","8","11","8.4","7","9","29.4","27","31","25.6","23","27","14.4","10","16","29.2","18","33","11.2","10","14","9.2","7","12"
"545807","32.166666666666664","31","33","13.8","11","16","16.6","11","20","15.2","13","17","9.6","8","11","8.2","7","9","29","28","30","26","25","27","14","10","16","29","18","32","11.2","10","14","9.2","7","12"
"546807","27.5","5","33","13.8","11","16","16.8","13","20","15","13","17","9.8","8","11","7.8","7","9","29.4","27","31","26","25","27","14.4","10","17","29.2","18","33","11","10","14","9.2","7","12"
"547807","32.166666666666664","31","34","13.8","11","16","16.8","13","19","14.6","13","17","9.8","8","11","8.2","7","9","30.8","30","32","25.6","22","27","14.6","10","17","29.2","18","33","11.2","10","14","9.2","7","12"
"548807","32.5","30","34","13.6","10","16","17","13","20","14.8","13","17","9.8","8","12","8.4","8","9","30.2","26","33","25.4","23","27","14.8","10","17","29","18","32","11.2","10","14","9.2","7","12"
"549807","32","29","33","14","11","16","17.8","14","21","15.6","14","17","9.6","8","11","8.4","8","9","28.8","24","31","26","23","27","14.8","11","16","29","18","32","11.2","10","14","9.2","7","12"
"550807","32.166666666666664","29","33","13.8","11","16","17.6","14","21","15.8","14","18","10","8","12","8.2","7","9","28.4","19","31","26.2","23","27","14.8","10","17","29.4","18","33","11.4","10","14","9.2","7","12"
"551807","28","5","33","13.8","11","16","17.4","14","20","15","13","17","9.8","8","12","8.2","7","9","29.4","27","32","26.2","23","27","14.4","10","17","29.2","18","33","11.4","10","14","9.2","7","12"
"552807","32.833333333333336","32","33","13.8","11","16","17","13","20","15.2","13","17","10.2","9","12","8","6","9","29.4","24","31","25.8","23","27","14.6","10","17","29.4","18","33","11","9","14","9.2","7","12"
"553807","32.333333333333336","30","33","14","11","16","18","13","21","15.2","13","18","9.8","9","11","8.4","8","9","27.2","15","31","25.4","21","27","14.8","9","17","29.4","18","33","11.4","10","14","9.2","7","12"
"554807","31.833333333333332","29","33","14","11","16","17.6","13","20","15.2","13","18","10","9","11","8.2","7","9","28.2","20","32","26","22","27","15","11","17","29.4","18","33","11.4","10","14","9.2","7","12"
"555807","32.166666666666664","28","33","13.8","10","16","18","14","20","15.4","14","17","10.2","9","11","8.4","8","9","29.4","23","32","25.6","21","28","14.4","11","16","29.6","18","33","11.4","10","14","9.2","7","12"
"556807","32.333333333333336","32","33","13.8","11","16","18.4","15","21","15.2","13","17","10","9","12","8.6","8","9","29","24","31","24.8","18","28","14.8","10","17","29.4","18","33","11.2","10","14","9.2","7","12"
"557807","32.833333333333336","32","34","13.8","10","16","18.6","15","22","15","14","17","10.2","9","12","8.4","8","9","30.2","29","32","25.4","22","28","15","11","17","29.4","18","33","11.2","10","14","9.2","7","12"
"558807","32.666666666666664","32","33","14","11","16","18","13","22","15","13","17","10","9","11","8.2","7","9","30.8","29","32","26.8","24","28","13.6","11","17","29.6","18","33","11.2","10","14","9.2","7","12"
"559807","32.5","31","33","14","11","16","18.2","13","21","14.8","13","17","10.2","9","11","8.6","8","9","30.6","28","33","25.6","19","28","15","10","17","29.8","19","33","11.4","10","14","9.2","7","12"
"560807","32.5","32","33","13.8","11","16","18.2","13","21","15","13","17","10.4","9","12","8.4","8","9","30","28","31","26.6","24","28","15.6","11","17","29.8","18","33","11.2","10","14","9.2","7","12"
"561807","32.166666666666664","32","33","14","11","16","17.2","13","21","15","13","17","10.2","9","11","8.4","7","9","28","18","32","26.4","22","28","15.6","12","17","29.8","19","33","11.4","10","14","9.2","7","12"
"562807","32.5","31","33","14","11","16","18","15","21","15","12","17","10.2","8","12","8.4","7","9","29.4","25","32","26.4","23","28","15.4","11","17","29.8","19","33","11.4","10","14","9.2","7","12"
"563807","32.166666666666664","29","33","14","11","16","18.8","16","21","15","13","17","9.8","8","11","8.4","7","9","29.6","25","32","26.8","25","28","15.2","11","18","30","19","33","11.4","10","14","9.2","7","12"
"564807","32.166666666666664","30","33","13.8","11","16","18.6","16","21","14.4","13","17","10.2","8","11","8.4","7","9","27.2","16","31","27","24","28","14.8","10","17","30","19","33","11.4","10","14","9.2","7","12"
"565807","32.833333333333336","32","33","14","11","16","18.4","14","21","15.2","13","18","10.4","8","12","8","7","9","29.8","25","33","27","24","28","15.2","11","17","30.2","19","34","11.4","10","14","9.2","7","12"
"566807","32.333333333333336","29","34","14","11","16","18.8","16","21","14.8","12","18","9.8","8","11","8.4","8","9","30.4","24","33","26.8","23","29","15.8","11","18","30","19","33","11.4","10","14","9.2","7","12"
"567807","32.333333333333336","29","34","14","11","16","18.2","16","21","15","13","19","10","8","12","8.4","7","9","27.4","18","32","26.8","23","29","15.2","11","17","30","19","33","11.4","10","14","9.2","7","12"
"568807","31.666666666666668","27","33","14","11","16","18.4","15","21","15.4","12","18","10.4","8","12","8.6","8","9","29.4","24","32","27.4","24","29","15","10","17","30","19","33","11.4","10","14","9.2","7","12"
"569807","32.333333333333336","30","33","14","11","16","18.6","14","22","14.8","13","16","10.2","8","11","8.4","8","9","29.4","25","32","27.4","24","29","15.8","10","18","30","19","33","11.4","10","14","9.2","7","12"
"570807","32.333333333333336","31","33","14","11","16","18.4","15","21","14.2","10","17","10.4","8","12","8.4","7","9","27.8","21","32","26.4","22","29","15.6","12","18","30","19","33","11.4","10","14","9.2","7","12"
"571807","32.333333333333336","30","33","14","11","16","18.6","15","21","14.6","13","17","10.4","8","12","8.4","8","9","28.8","22","32","27.4","24","29","15.4","11","17","30","19","33","11.4","10","14","9.2","7","12"
"572807","32","30","33","14","11","16","18.6","15","21","14.4","13","17","10.4","8","12","8.2","8","9","30.4","26","32","27.2","23","29","15","11","18","30.2","19","34","11.4","10","14","9.2","7","12"
"573807","31.666666666666668","28","33","14","11","16","18.4","15","21","15","14","17","10","8","11","8.4","8","9","28.8","22","33","27.2","24","29","16.2","12","18","30.2","19","34","11.4","10","14","9.2","7","12"
"574807","32.666666666666664","31","34","14","11","16","18","15","21","15.6","14","18","10.6","8","12","8.2","7","9","29.8","24","33","26.8","21","29","15.8","11","17","30.2","19","34","11.4","10","14","9.2","7","12"
"575807","32.166666666666664","30","33","14","11","16","18.6","15","22","15.2","14","17","10.2","8","12","8.4","8","9","29.2","23","32","26.8","23","29","16.4","11","18","30.2","19","34","11.2","9","14","9.2","7","12"
"576807","32.333333333333336","31","33","14","11","16","18.4","14","21","14.8","13","17","10.4","8","12","8","7","9","30","25","33","27.2","25","29","15.6","11","18","30.2","19","34","11.4","10","14","9.2","7","12"
"577807","31.666666666666668","27","33","14","11","16","18.2","14","22","15","13","19","10.4","8","12","8.2","7","9","29.2","23","32","27.6","25","29","15.6","11","17","30.2","19","34","11.4","10","14","9.2","7","12"
"578807","32.666666666666664","30","35","14","11","16","19.2","15","22","15","13","17","10.4","8","12","8.6","8","9","24","5","33","27.6","24","29","16","11","18","30.2","19","34","11.4","10","14","9.2","7","12"
"579807","31.166666666666668","23","33","14","11","16","19","15","22","15.6","13","18","10.2","8","11","8.6","8","9","27.4","15","32","27.4","25","29","16.6","12","18","30.2","19","34","11.4","10","14","9.2","7","12"
"580807","31.5","25","33","14","11","16","19.4","15","22","15","13","17","10.4","8","12","8.6","8","9","27.4","18","32","27.2","21","29","15.8","11","17","30.2","19","34","11.4","10","14","9.2","7","12"
"581807","32.166666666666664","30","33","14","11","16","18.8","15","21","14.6","12","19","10.4","8","12","8.2","7","9","26.8","12","33","27.4","25","29","16.2","11","18","30","19","33","11.4","10","14","9.2","7","12"
"582807","32.166666666666664","29","34","14","11","16","19.4","15","22","14.8","13","17","10.4","8","12","8.4","8","9","28.2","20","32","27.6","24","29","15.4","7","18","30","19","33","11.4","10","14","9.2","7","12"
"583807","31.666666666666668","27","33","14","11","16","18.2","13","22","15.4","13","19","10.2","8","12","8.4","8","9","26","16","33","27.4","24","29","15.8","7","19","30.2","19","34","11.4","10","14","9.2","7","12"
"584807","31.833333333333332","27","33","14","11","16","18.6","15","22","14.8","13","17","10.8","8","13","8.4","7","9","26.6","17","32","27.2","24","29","15.4","7","19","30.2","19","34","11.4","10","14","9.2","7","12"
"585807","31.333333333333332","22","35","14","11","16","18.8","14","22","15","13","18","10.4","8","12","8.6","8","9","27","17","33","28","25","30","14.8","7","17","30.2","19","34","11.4","10","14","9.2","7","12"
"586807","28","5","33","14","11","16","18.6","13","23","15.6","12","19","10.6","8","12","8.4","8","9","28.6","22","33","27.4","24","29","15.4","7","19","30.2","19","34","11.2","10","14","9.2","7","12"
"587807","32.166666666666664","30","33","14","11","16","18.4","15","22","14.4","10","17","10.4","8","12","8.6","8","9","29","20","33","28","24","30","15.2","7","18","30.2","19","34","11.4","10","14","9.2","7","12"
"588807","32","30","33","14","11","16","17.8","13","22","15.2","13","18","10.6","8","13","8.6","8","9","26.4","17","33","27.4","24","30","15","7","18","30.2","19","34","11.4","10","14","9.2","7","12"
"589807","33","32","34","14","11","16","18.4","13","22","14.8","12","18","10.4","8","12","8.6","8","9","29.2","21","34","27.2","25","30","15.4","7","18","30.2","19","34","11.2","10","14","9.2","7","12"
"590807","30.5","23","33","14.2","11","17","19","15","21","14.6","12","18","10.6","8","12","8.4","8","9","29.6","26","32","28.4","25","30","15.8","8","19","30.2","19","34","11.4","10","14","9.4","8","12"
"591807","31.833333333333332","31","32","14","11","16","18.6","14","22","15.8","14","18","10.6","8","13","8.4","7","9","29.4","22","32","27.4","23","30","15","8","18","30.4","19","34","11.4","10","14","9.4","8","12"
"592807","31.666666666666668","27","34","14.2","11","17","18.4","15","21","15.2","12","18","10.4","8","12","8.4","8","9","29.6","25","32","26.4","21","30","15","7","18","30.2","19","34","11.4","10","14","9.4","8","12"
"593807","32.333333333333336","31","33","14.2","11","17","18.2","15","21","15.2","13","20","10.4","8","12","8.4","7","9","27.4","17","34","28","24","30","14.8","8","18","30.6","20","34","11.4","10","14","9.4","8","12"
"594807","31.5","29","33","14.2","11","17","18.6","15","22","14.2","12","16","10.8","8","13","8","7","9","29.4","23","33","27.2","24","28","15","8","19","30.6","20","34","11.4","10","14","9.4","8","12"
"595807","32.333333333333336","29","34","14.2","11","17","18.6","15","23","16","14","19","10.8","8","12","8.4","8","9","28.6","17","33","27.8","22","30","15","8","18","30.4","20","34","11.4","10","14","9.4","8","12"
"596807","32.166666666666664","31","33","14","11","16","18.4","14","22","15.8","13","18","10.6","8","13","8.6","8","9","31","29","33","27.6","23","30","15.6","8","18","30.2","20","33","11.2","10","14","9.4","8","12"
"597807","30.666666666666668","22","33","14","11","16","18.2","13","21","15.8","13","19","10.4","8","12","8.6","8","9","30","25","33","27","19","30","15.4","8","18","30.4","20","34","11.4","10","14","9.4","8","12"
"598807","32.166666666666664","30","34","14.2","11","17","18.6","13","22","14.8","12","17","10.6","8","13","8.6","8","9","29.8","26","32","28.2","24","30","15.6","8","18","30.2","20","33","11.2","9","14","9.4","8","12"
"599807","30","16","33","14.2","11","17","18.2","13","21","16","14","19","10.6","8","13","8.6","8","9","31.6","29","33","27.4","22","30","15.6","9","18","30.4","20","34","11.4","10","14","9.4","8","12"
"600807","32.333333333333336","29","34","14.2","11","17","18.6","13","22","15.6","13","18","10.2","8","11","8.6","8","9","30.2","25","33","28","24","30","16","9","18","30.6","20","34","11.4","10","14","9.4","8","12"
"601807","32.166666666666664","29","33","14.2","11","17","18.4","14","21","15","13","17","10.8","8","13","8.6","8","9","30.8","26","33","27.8","24","30","16","9","18","30.6","20","34","11.6","10","15","9.4","8","12"
"602807","31","22","34","14.2","11","17","17.2","13","22","15.6","13","18","10.4","8","12","8.6","8","9","30.4","26","34","28.6","26","30","15.6","9","18","30.6","20","34","11.4","10","14","9.4","8","12"
"603807","32.333333333333336","32","33","14.2","11","17","18.2","12","22","15.6","12","19","10.8","8","13","8.6","8","9","30.6","25","33","27.2","21","30","16.4","10","18","30.6","20","34","11.4","10","14","9.4","8","12"
"604807","29.833333333333332","17","33","14.2","11","17","17.2","12","23","15","13","18","10.8","8","13","8.6","8","9","29.6","20","34","28.2","24","30","16","10","19","30.6","20","34","11.4","10","14","9.4","8","12"
"605807","31.833333333333332","29","33","14.2","11","17","17","9","22","14.6","11","19","10.8","8","13","8.4","7","9","27.8","18","33","27","21","30","16.6","10","19","30.6","20","34","11.8","10","15","9.4","8","12"
"606807","30.5","19","33","14.2","11","17","17.8","12","21","14","10","18","10.4","8","12","8.4","8","9","27","19","33","27.8","23","30","15.8","10","18","30.8","20","34","11.4","10","14","9.4","8","12"
"607807","32.166666666666664","29","33","14.2","11","17","18.4","11","23","14.6","10","18","10.6","8","13","8.4","7","9","26","12","34","27.4","20","30","16.6","10","19","30.6","20","34","11.6","10","15","9.4","8","12"
"608807","28.333333333333332","13","33","14.2","11","17","17.8","9","22","10.8","1","17","10.8","8","13","8.6","8","9","28.6","23","33","27.8","24","30","16.8","10","19","30.6","20","34","11.4","10","14","9.4","8","12"
"609807","25.333333333333332","4","34","14.2","11","17","16","8","22","14.2","11","18","11.2","8","13","8.6","8","9","30.4","25","33","28","24","30","16.4","10","19","30.6","20","34","11.4","10","14","9.6","8","12"
"610807","31.833333333333332","30","33","14.2","11","17","17.8","8","23","14.2","10","18","10.4","8","12","8.4","7","9","28.6","17","34","28.4","24","31","16.6","10","19","30.8","20","34","11.4","10","14","9.6","8","12"
"611807","31.833333333333332","29","33","14.2","11","17","17.8","9","22","14.6","10","18","11","9","13","8.4","7","9","26.2","15","32","28","22","31","16.2","10","19","30.4","20","34","11.8","10","15","9.4","8","12"
"612807","29.666666666666668","15","33","14.2","11","17","17.8","9","22","14.4","10","18","10.8","8","13","8.6","8","9","25.2","5","33","29.2","27","31","16","10","18","30.6","20","34","11.8","10","15","9.4","8","12"
"613807","28.5","8","33","14.2","11","17","18.8","9","25","15.2","11","19","11.2","9","13","8.6","8","9","28","16","33","28.8","25","31","16.8","10","19","30.8","20","34","11.6","10","15","9.8","8","12"
"614807","31.333333333333332","27","33","14.2","11","17","18.4","10","24","14.6","10","18","11.2","9","13","8.6","8","9","27.6","18","34","28.2","23","31","16.6","10","19","30.4","20","34","11.6","10","14","9.6","8","12"
"615807","27.833333333333332","10","33","14.2","11","17","19","10","24","14.2","10","19","11","9","12","8.4","8","9","25.2","14","33","28.2","23","31","16.2","10","19","30.6","20","34","11.4","10","14","9.6","8","12"
"616807","27.166666666666668","12","33","14.2","11","17","18.8","10","24","15","11","19","10.8","9","13","8.6","8","9","29.4","21","34","28.4","25","31","17.2","11","20","30.6","20","34","11.4","10","14","9.8","8","12"
"617807","28","6","34","14.2","11","17","17.6","10","22","14.4","11","18","11","9","12","8.6","8","9","29.6","24","33","28.4","23","31","17","10","20","30.6","20","34","11.6","10","15","9.6","8","12"
"618807","26.833333333333332","15","33","14.2","11","17","18","11","22","14.6","9","19","11.2","9","13","8.6","8","9","30","26","33","27.8","22","31","17.4","11","20","30.6","20","34","11.8","10","15","9.8","8","12"
"619807","26.333333333333332","5","33","14.2","11","17","18.8","11","23","14.6","9","19","11.2","9","13","8.4","7","9","28.4","21","34","28.2","23","31","16.8","11","19","30.4","20","34","11.6","10","15","9.8","8","12"
"620807","27.833333333333332","7","33","14.2","11","17","18","10","23","14.8","10","19","11.4","9","13","8.4","8","9","27.2","16","32","28.8","25","31","16.6","11","19","30.8","20","34","11.8","10","15","9.8","8","12"
"621807","30.833333333333332","22","34","14.2","11","17","18.8","10","25","11","1","17","11.2","9","13","8.4","7","9","29.8","25","33","27.8","22","31","16.8","10","19","30.4","20","34","11.8","10","15","9.6","8","12"
"622807","30","19","33","14.4","11","17","18.2","10","24","13.4","11","15","11.4","9","13","8.6","8","9","28.6","19","33","28.6","24","31","17.4","11","20","30.8","20","34","11.6","10","15","9.8","8","12"
"623807","31","21","34","14.2","11","17","19","11","25","14.2","10","17","11","9","13","8.6","8","9","26.6","17","33","28.8","25","31","17","11","19","30.8","20","34","11.6","10","15","9.8","8","12"
"624807","32.333333333333336","29","34","14.4","11","17","17.8","10","22","14.6","10","18","11.4","9","12","8.2","7","9","28.2","20","34","28.2","22","31","17","11","19","30.8","20","34","11.6","10","15","9.8","8","12"
"626057","41","33","66","14.4","11","17","18","11","25","13.2","9","18","10.6","9","12","8.6","8","9","29","18","35","26.6","23","31","15.6","11","18","32.6","20","38","11.4","10","14","9.8","8","12"
"627057","40.833333333333336","32","64","14.2","11","17","17.6","11","25","13","10","16","10.4","9","11","8.6","8","9","29.4","16","35","26.8","22","31","14.8","9","17","32.8","20","38","11.6","10","15","9.8","8","12"
"628057","42.5","31","64","14.4","11","17","17.2","12","25","13.6","9","17","10.2","9","11","8.4","7","9","30.6","25","35","27","22","32","14.8","10","17","33","20","38","11.6","10","15","9.8","8","12"
"629057","42","35","66","14.4","11","17","17.4","9","25","13","8","18","10.6","9","11","8.6","8","9","29","13","35","27.6","24","32","15","10","17","33.8","20","40","11.8","10","15","9.8","8","12"
"630057","37.5","22","67","14.4","11","17","17.6","11","25","13.6","9","17","10.4","9","12","8.6","8","9","31.4","22","37","28.2","24","32","15.2","11","17","30","0","41","11.8","10","15","9.8","8","12"
"631057","32.5","13","39","14.4","11","17","17.6","12","24","14","10","18","11","9","12","8.6","8","9","33.4","28","39","26.2","14","32","14.8","10","16","34.6","20","42","11.8","10","15","9.8","8","12"
"632057","40.5","25","64","14.4","11","17","18","12","25","13.6","10","17","10.6","9","12","8.6","8","9","31","24","36","28.2","25","32","14.4","8","16","35","21","43","11.8","10","15","9.8","8","12"
"633057","40","20","66","14.4","11","17","18.2","12","25","10.4","1","16","10.8","9","13","8.6","8","9","31.8","20","44","28","25","32","14.8","8","17","35.4","21","44","11.8","10","15","9.8","8","12"
"634057","42.166666666666664","23","68","14.4","11","17","18.2","12","25","13.6","10","17","10.8","8","13","8.4","7","9","30.4","20","39","28.6","25","32","14.8","8","17","35.8","21","45","11.8","10","15","9.8","8","12"
"635057","40.5","25","66","14.4","11","17","17.2","12","21","13.8","10","17","10.2","8","11","8.6","8","9","33.2","29","39","28.6","24","32","14.4","8","17","36.4","21","47","11.6","10","15","9.8","8","12"
"636057","43.833333333333336","31","66","14.4","11","17","17.2","12","21","14.2","10","18","10","8","12","8.6","8","9","32.6","23","39","28.6","24","32","14.8","8","17","36.8","21","47","11.8","10","15","9.8","8","12"
"637057","45","34","67","14.4","11","17","17.2","13","21","13.8","10","17","10.4","8","12","8.4","8","9","33.2","29","38","28.6","25","32","14.6","9","16","37.4","21","50","11.8","10","15","10","8","12"
"638057","42.333333333333336","20","64","14.4","11","17","17.4","12","22","14.4","11","17","10.4","8","12","8.6","8","9","33.2","29","41","27.8","23","33","14.4","8","17","37.8","21","50","11.8","10","15","9.8","8","12"
"639057","46","38","64","14.4","11","17","17.4","13","21","13.8","10","17","10","8","11","8.6","8","9","33","27","42","29.2","27","33","14.6","8","17","38","21","50","11.8","10","15","10","8","12"
"640057","46.5","37","68","14.4","11","17","17.4","13","20","13.2","9","16","10.4","8","12","8.6","8","9","34.4","26","40","29","21","33","14.8","8","17","38.4","21","52","11.8","10","15","9.8","8","12"
"641057","45.333333333333336","35","64","14.4","11","17","17.6","13","22","13.6","10","17","10","8","11","8.4","7","9","32.8","21","42","29.6","25","33","14.4","8","17","39","21","53","11.8","10","15","9.8","8","12"
"642057","44.5","28","66","14.4","11","17","18.4","13","25","13.6","10","17","10.8","8","12","8.6","8","9","24.2","5","43","29.4","24","34","14.6","8","17","39.2","21","53","11.8","10","15","10","8","12"
"643057","44","29","67","14.4","11","17","18.2","13","25","13.6","10","17","10.2","8","12","8.6","8","9","29.4","9","43","29.2","25","34","14.6","8","17","39.4","21","54","11.8","10","15","9.8","8","12"
"644057","43.666666666666664","35","65","14.4","11","17","18.6","13","26","13.4","9","17","10","8","11","8.6","8","9","33.4","27","43","29.8","26","33","14","9","16","39.4","21","54","11.8","10","15","10","8","12"
"645057","42","33","66","14.4","11","17","18.8","13","26","14.2","10","18","10.4","8","11","8.6","8","9","32.2","26","44","29","20","34","14.4","8","17","40","21","55","11.8","10","15","10","8","12"
"646057","43","24","65","14.4","11","17","19.2","13","26","13.6","10","16","10.2","8","11","8.6","8","9","28.6","5","43","30.6","26","34","14.2","9","17","40.2","21","55","11.8","10","15","9.8","8","12"
"647057","40.666666666666664","7","66","14.4","11","17","18.2","13","26","13.6","11","17","10.8","8","13","8.6","8","9","36.6","27","45","29.6","24","34","14.2","9","17","40.4","21","56","11.8","10","15","10","8","12"
"648057","45.833333333333336","37","64","14.4","11","17","19.2","13","27","12.8","8","17","10.4","8","12","8.6","8","9","32.4","27","44","30.8","26","35","14.8","10","17","40.8","21","56","11.8","10","15","10","8","12"
"649057","43.833333333333336","34","67","14.4","11","17","19","13","27","14","11","17","10.6","8","12","8.6","8","9","36.2","30","44","29.8","25","33","14.6","10","16","40.6","21","56","11.8","10","15","9.8","8","12"
"650057","39","1","64","14.4","11","17","19","13","27","12","5","17","10.2","8","12","8.8","8","9","36.4","32","44","30.8","27","34","14.2","9","17","40.8","21","56","11.8","10","15","10","8","12"
"651057","45.166666666666664","35","67","14.4","11","17","18.6","13","26","11.6","5","18","10.2","8","11","8.6","8","9","32.6","14","48","29.6","24","34","15.2","9","18","41.2","22","56","12","10","16","10","8","12"
"652057","44.333333333333336","33","67","14.4","11","17","18","13","26","12","5","17","10.4","8","12","8.6","8","9","35.6","29","46","28.8","21","35","15.2","10","18","41.4","21","57","11.8","10","15","10","8","12"
"653057","44.5","33","65","14.4","11","17","18","13","26","12.4","5","17","10.4","8","12","8.8","8","9","32.4","24","46","29","24","35","14.8","9","17","41.8","21","58","11.8","10","15","10","8","12"
"654057","45.166666666666664","31","66","14.4","11","17","17.6","11","27","13","6","17","10.4","8","11","8.6","8","9","35.4","31","46","30.8","26","35","15","10","17","41.6","21","57","11.8","10","15","10","8","12"
"655057","40.333333333333336","24","65","14.4","11","17","18","12","26","13.2","6","17","10.8","8","12","8.6","8","9","34.8","17","49","30.2","25","36","15.6","10","18","42.2","22","58","12","10","16","10","8","12"
"656057","40.166666666666664","27","66","14.4","11","17","18.2","13","27","13","6","17","10.2","8","12","8.6","8","9","35.8","27","49","29.6","25","35","15","10","17","42.2","22","58","11.8","10","15","10","8","12"
"657057","43.666666666666664","25","65","14.4","11","17","18.2","13","26","12.4","6","17","10.4","8","12","8.6","8","9","35.8","23","48","30.6","24","36","15.4","9","18","42.2","22","58","11.8","10","15","10","8","12"
"658057","44","30","65","14.4","11","17","18.4","13","26","12.4","6","17","10.6","8","12","8.6","8","9","33.6","27","49","29.8","25","36","14.6","9","17","42.8","22","59","11.8","10","15","10","8","12"
"659057","46.333333333333336","35","68","14.4","11","17","17","11","26","11.6","6","17","10.2","7","12","8.6","8","9","33.4","23","49","32.2","27","35","14.8","11","17","43.4","22","59","12","10","16","10","8","12"
"660057","43.5","30","66","14.4","11","17","18","12","26","11.4","7","16","10.4","7","12","8.6","8","9","37.4","31","47","30.6","22","36","15.2","10","18","43.4","22","59","11.8","10","15","10","8","12"
"661057","46.5","37","67","14.4","11","17","18.8","13","26","12.2","7","16","10.6","7","12","8.6","8","9","36.8","30","49","30.2","25","37","15.2","10","18","43.2","22","59","12","10","16","10","8","12"
"662057","40.5","23","64","14.4","11","17","19.2","13","27","12.2","7","15","10.4","7","12","8.6","8","9","35.2","23","51","29.2","18","37","16.2","11","18","43.8","22","59","11.8","10","15","10","8","12"
"663057","43.666666666666664","22","66","14.4","11","17","18.8","13","27","12.6","7","17","10.8","6","13","8.6","8","9","36.6","25","49","32","25","37","15.2","11","18","44","22","60","11.8","10","15","10","8","12"
"664057","46.166666666666664","34","67","14.4","11","17","18.6","13","27","13.2","7","17","10","7","11","8.6","8","9","38.4","30","48","31.8","27","36","14.6","10","17","44","22","60","11.8","10","15","10","8","12"
"665057","43.666666666666664","24","67","14.4","11","17","19.4","13","27","11.6","7","16","10","6","11","8.6","8","9","36.2","30","48","31.6","25","37","15.2","11","17","44","22","59","11.8","10","15","10","8","12"
"666057","45.666666666666664","29","63","14.4","11","17","19","13","27","13.2","7","17","10.2","7","12","8.8","8","9","34.4","24","50","32","27","39","14.8","9","17","44.2","22","60","12.2","10","16","10","8","12"
"667057","39.666666666666664","30","45","14.4","11","17","19.2","13","27","13","7","18","10.4","7","12","8.4","8","9","35.4","26","48","31.2","28","38","14.8","10","17","44.6","22","60","11.8","10","15","10","8","12"
"668057","46","33","67","14.4","11","17","19","13","27","13","7","17","10.2","7","12","8.6","8","9","37.4","31","52","30.6","18","37","15.4","11","17","45","22","61","11.8","10","15","10","8","12"
"669057","47.5","41","65","14.4","11","17","19.6","13","27","13.2","7","17","10.2","7","11","8.6","8","9","37","27","48","33","28","39","15.6","9","18","45","22","61","11.8","10","15","10","8","12"
"670057","48.166666666666664","32","65","14.4","11","17","18.6","13","27","12.4","7","16","10.6","7","12","8.6","8","9","31","16","40","31.2","23","39","15.8","10","18","45.4","23","60","12","10","16","10","8","12"
"671057","40.666666666666664","7","65","14.4","11","17","19.2","13","27","13.2","7","17","10.4","4","13","8.6","8","9","34","18","51","33.4","24","39","15.2","10","17","45.2","22","60","12","10","16","10","8","12"
"672057","36.5","11","66","14.4","11","17","19.4","13","28","12.8","7","17","10","4","13","8.6","8","9","38.4","29","52","31.6","26","39","15.4","11","17","45.4","23","60","12","10","16","10","8","12"
"673057","33","5","54","14.4","11","17","18.2","12","28","12.8","8","17","9.8","4","13","8.6","8","9","37","30","48","31.8","26","39","15.8","11","17","45.6","22","61","11.8","10","15","10","8","12"
"674057","31.5","9","50","14.4","11","17","18.6","13","28","12.4","7","15","10","4","12","8.6","8","9","37.4","17","51","34.6","28","39","15.6","11","17","45.6","22","61","12","10","16","10","8","12"
"675057","35","9","51","14.4","11","17","18.4","13","26","12.8","8","17","9.8","4","12","8.6","8","9","37","18","54","33","28","39","16","12","18","46","23","61","11.8","10","15","10","8","12"
"676057","37.833333333333336","13","55","14.4","11","17","19","11","29","13.8","8","18","10.2","4","13","8.6","8","9","29.8","1","52","30.2","19","38","15.6","11","17","46","23","61","11.6","10","14","10","8","12"
"677057","34.5","8","49","14.4","11","17","19.2","12","27","13.2","8","18","10.4","4","12","8.6","8","9","36.8","26","50","31.4","25","35","15","11","18","46.2","23","61","12.2","10","16","10","8","12"
"678057","28.666666666666668","1","53","14.4","11","17","18.6","12","26","13.6","8","18","10","4","12","8.6","8","9","33","14","54","30.4","22","40","15.4","10","18","46.4","23","62","11.8","10","15","10","8","12"
"679057","34.333333333333336","6","48","14.4","11","17","19","12","27","13.2","8","17","9.8","4","12","8.6","8","9","36.2","26","54","33","25","39","16","11","18","46.2","23","61","12","10","16","10","8","12"
"680057","35.833333333333336","9","49","14.4","11","17","19.8","12","29","13.4","8","18","10","4","12","8.6","8","9","36.8","25","51","32.8","21","40","15.8","11","17","46.8","23","62","12","10","16","10","8","12"
"681057","33.833333333333336","8","50","14.4","11","17","19.4","12","27","13.6","9","18","10.4","4","13","8.6","8","9","38.2","31","53","32.4","20","41","15","11","18","46.6","23","62","11.8","10","15","10","8","12"
"682057","40.166666666666664","22","53","14.4","11","17","19.2","12","27","12.8","8","16","10","4","13","8.6","8","9","33.6","17","52","34.8","27","40","15.8","12","18","46.4","23","61","12.2","10","16","10","8","12"
"683057","39.333333333333336","18","54","14.4","11","17","19.4","12","28","13.2","8","16","10","4","12","8.6","8","9","38.6","24","54","32.8","25","40","15.4","11","18","46.6","23","62","12","10","16","10","8","12"
"684057","38.333333333333336","9","50","14.4","11","17","19.6","12","27","12.6","8","17","9.8","4","12","8.6","8","9","32.6","17","53","33","21","40","16.2","12","18","47","23","62","11.8","10","15","10","8","12"
"685057","33","15","48","14.4","11","17","18.8","12","28","13","8","18","10","4","12","8.8","8","9","30.4","1","52","31","13","42","15.8","11","17","46.8","23","62","12","10","16","10","8","12"
"686057","34.5","14","48","14.4","11","17","19.2","12","26","14","9","18","10","4","13","8.6","8","9","37.8","24","56","34","26","41","15.4","11","17","46.8","23","62","12","10","16","10","8","12"
"687057","36.666666666666664","12","54","14.4","11","17","17.8","11","27","13.4","8","17","10","4","13","8.6","8","9","36.4","25","54","35.4","26","42","15.4","11","18","46.8","24","62","11.8","10","15","10","8","12"
"688057","38.833333333333336","16","52","14.4","11","17","19.8","12","29","14","8","18","10","4","13","8.6","8","9","39","28","56","33.6","25","41","16.2","11","18","47","23","62","12","10","16","10","8","12"
"689057","39.166666666666664","11","53","14.4","11","17","19","12","27","13.6","9","17","10","4","12","8.4","7","9","36.6","23","50","34.4","28","41","15.4","12","17","46.8","23","62","12","10","15","10","8","12"
"690057","34","7","51","14.4","11","17","19.8","12","28","13.8","9","17","10.2","4","12","8.8","8","9","37.6","23","52","34.8","28","41","15.8","11","18","47.2","24","62","12","10","15","10","8","12"
"691057","32.166666666666664","6","52","14.6","11","18","19.8","12","27","12.8","9","17","9.8","4","12","8.6","8","9","41.2","32","55","33.4","23","43","16.2","13","18","47.6","24","63","12","10","16","10","8","12"
"692057","35.333333333333336","14","49","14.4","11","17","20.2","13","26","14","9","18","10","5","12","8.6","8","9","38.6","30","56","34.2","21","41","16","11","18","47.4","24","63","12","10","16","10","8","12"
"693057","38.666666666666664","12","52","14.6","11","18","19.8","13","29","14.2","9","18","10.4","5","13","8.6","8","9","35.2","22","52","34.4","24","43","16","11","18","47.2","24","62","12.2","10","16","10","8","12"
"694057","36","7","57","14.6","11","18","19.4","13","28","13.4","9","17","10","5","12","8.6","8","9","36.2","22","56","35.2","29","42","16","11","18","47.2","24","62","12","10","16","10","8","12"
"695057","39.333333333333336","10","53","14.6","11","18","20.4","13","28","13.6","9","17","9.6","5","12","8.8","8","9","37.8","22","55","34","28","42","15.6","11","18","47.4","24","63","12.4","10","16","10","8","12"
"696057","36.5","6","54","14.6","11","18","20.8","13","29","14","9","18","10","5","13","8.6","7","9","33.6","13","52","34.6","26","40","16.8","13","18","47.2","24","62","12.2","10","15","10","8","12"
"697057","33.333333333333336","6","52","14.6","11","18","19.6","10","27","14.4","9","19","10.4","5","13","8.6","8","9","35","15","55","33.8","18","43","16.6","12","19","47.2","24","62","12.2","10","15","10","8","12"
"698057","41.833333333333336","21","49","14.8","11","18","19.8","13","27","14.2","9","18","10.2","5","13","8.6","7","9","37.2","25","58","35.6","23","44","16","11","18","47.6","24","63","12.4","10","16","10","8","12"
"699057","34.666666666666664","4","51","14.6","11","18","20.4","13","27","13.6","10","18","10.6","5","13","8.6","8","9","36.4","13","56","35.4","28","43","16.2","11","19","48","24","63","12.2","10","16","10","8","12"
"700057","37.666666666666664","11","49","14.6","11","18","20","11","27","14.2","9","19","10.2","5","12","9","9","9","40.8","26","54","34.2","27","44","16.4","12","18","47.6","24","63","12.2","10","16","10","8","12"
"701057","37.833333333333336","11","52","14.6","11","18","20.6","13","28","14.4","10","18","10.4","5","12","8.8","8","9","32","3","57","33.4","22","45","15.4","10","18","48.2","25","63","12.2","10","16","10","8","12"
"702057","39","21","56","14.8","11","18","20.2","14","28","14","8","18","10.2","5","12","8.4","7","9","37.4","14","58","35.8","24","44","15.2","12","17","48","24","63","12.4","10","16","10","8","12"
"703057","40.333333333333336","18","51","15","11","18","20.8","13","28","13.8","9","18","10.6","5","12","8.6","8","9","35.4","5","57","31.2","8","44","16","12","18","48","25","63","12.4","10","16","10","8","12"
"704057","35.666666666666664","12","52","14.6","11","18","20.6","13","27","13.8","9","19","10.4","6","12","8.6","8","9","37","4","55","36.2","27","44","15.8","12","18","48","25","63","12.4","10","16","10","8","12"
"705057","41.666666666666664","17","55","15","11","18","20.4","13","29","14","9","17","10","6","13","8.6","8","9","37.8","12","57","33.2","19","44","15.6","13","17","48.4","25","63","12.2","10","16","10","8","12"
"706057","42.333333333333336","17","53","15","11","18","21","13","29","14","9","18","9.8","6","11","8.6","8","9","39","23","58","34.6","22","44","15.4","12","17","48","24","63","12.2","10","16","10","8","12"
"707057","40.166666666666664","14","54","15","11","18","20","11","27","14","9","18","10.6","6","13","8.6","8","9","35.4","4","55","34.8","23","45","16","13","17","48","25","63","12.2","10","16","10","8","12"
"708057","44.166666666666664","13","55","15","11","18","20.4","12","28","14.4","9","18","10","6","12","8.4","7","9","35.6","28","44","34","19","45","15.2","11","17","48.6","25","64","12.4","10","16","10","8","12"
"709057","41.666666666666664","19","61","15","11","18","20.4","11","28","14","9","18","9.8","6","12","8.6","8","9","39","29","45","35.8","28","46","15.6","12","18","48.4","25","63","12.4","10","16","10","8","12"
"710057","39.833333333333336","12","53","15","11","18","19.6","14","27","13.6","7","18","10.2","6","12","8.6","8","9","39","21","46","32.2","24","44","16.2","13","18","48.2","25","63","12.4","10","16","10","8","12"
"711057","41.5","8","55","15","11","18","19.8","13","28","11.8","8","16","10.4","6","13","8.6","8","9","31.4","1","47","35","28","46","16","12","18","48.4","25","63","12.4","10","16","10","8","12"
"712057","37.666666666666664","13","58","15","11","18","20","14","28","13.4","6","19","10.2","6","12","8.6","7","9","38.2","28","48","32.8","20","43","15.8","13","18","48.4","25","63","12.4","10","16","10","8","12"
"713057","38","12","61","15","11","18","19.8","14","27","14","6","18","10.4","6","13","8.8","8","9","36.8","25","50","33.6","23","46","16.2","12","18","48.2","25","63","12.4","10","16","10","8","12"
"714057","34.333333333333336","1","59","14.8","11","18","20.2","14","27","13.4","6","18","9.8","6","12","8.8","8","9","37","28","50","33.8","21","45","16.2","13","18","48.2","25","63","12.4","10","16","10","8","12"
"715057","39.833333333333336","13","60","15.2","12","18","20.4","14","27","13.8","5","19","9.8","6","13","8.6","8","9","37.2","24","49","34.6","25","46","16.2","13","19","49.2","26","64","12.4","10","16","10","8","12"
"716057","41","17","60","15","11","18","20.6","13","28","14.4","7","19","9.8","6","12","8.8","8","9","39","31","49","34.6","18","46","16","12","19","48.6","25","63","12.6","11","16","10","8","12"
"717057","41.833333333333336","14","55","15","11","18","20.6","15","29","13.6","6","18","9.8","6","12","8.6","8","9","38.2","31","50","35.6","20","46","16","13","18","48.8","26","64","12.4","10","16","10","8","12"
"718057","33.5","1","57","15","11","18","20.2","14","28","13.4","7","18","10","7","12","8.8","8","9","40","34","48","34.4","28","44","15.6","12","18","49","26","63","12.4","10","16","10","8","12"
"719057","40.833333333333336","25","58","15","11","18","20","13","29","13.8","7","18","9.8","7","11","8.6","8","9","36.8","24","49","33.2","18","47","16.2","13","18","49","25","64","12.4","10","16","10","8","12"
"720057","38","10","60","15","11","18","20.4","15","27","13","6","17","10","7","12","8.8","8","9","37.6","19","49","34.6","21","47","15.8","12","17","49","25","64","12.2","10","16","10","8","12"
"721057","39.5","15","59","15","11","18","20.6","15","27","13.6","7","18","10.2","7","13","8.8","8","9","36","15","49","37.4","28","47","16.2","12","19","48.8","26","64","12.2","10","16","10","8","12"
"722057","45.166666666666664","22","59","15","11","18","20.4","15","27","13.6","7","19","9.4","7","12","8.4","7","9","36","27","48","29","1","46","16.6","13","18","49.4","26","64","12.2","10","16","10","8","12"
"723057","37.833333333333336","11","63","15","11","18","20.6","15","28","12.4","7","20","9.8","7","13","8.8","8","9","34.2","17","50","34.8","27","46","16.8","13","18","49.2","26","64","12.4","10","16","10","8","12"
"724057","40","12","63","15.2","12","18","20.4","14","26","12.4","7","18","10","7","13","8.8","8","9","34.8","25","44","34","25","47","16.4","13","18","49.2","26","64","12.4","10","16","10","8","12"
"725057","39.666666666666664","1","64","15","11","18","20.2","15","25","13.4","7","18","9.8","7","13","8.6","8","9","35.8","11","52","27.8","1","42","16.4","12","19","49.4","26","64","12.2","10","16","10","8","12"
"726057","34","1","63","15","11","18","20.6","15","26","14.4","8","19","9.6","7","12","8.6","8","9","33.8","13","48","25.8","1","37","16.4","14","18","49.6","26","64","12.2","10","15","10","8","12"
"727057","41.5","14","66","15.2","12","18","20.4","15","30","13.4","8","17","9.6","7","13","8.8","8","9","34.6","18","52","32.6","28","40","16.6","13","18","50","27","64","12.4","10","16","10","8","12"
"728057","43.833333333333336","17","64","15","11","18","20.8","15","28","12.8","8","17","9.8","6","14","8.6","8","9","37.8","26","51","36.8","30","43","16.4","13","19","49.2","27","64","12.4","10","16","10","8","12"
"729057","47.5","21","67","15.2","12","18","19.6","13","24","13.6","8","18","9.6","7","12","8.6","8","9","38.6","26","50","34.8","26","43","16.6","13","18","49.4","27","64","12.4","10","16","10","8","12"
"730057","44.333333333333336","15","65","15","11","18","20.4","12","30","13.4","8","19","9.8","7","13","8.8","8","9","35","11","53","33.2","22","41","16.4","13","18","49.8","27","64","12.4","10","16","10","8","12"
"731057","47.166666666666664","31","65","15.2","12","18","20","13","30","13.6","8","19","9.8","7","12","8.6","8","9","39.4","27","51","28.4","3","43","16.2","13","18","49.8","27","64","12.6","10","16","10","8","12"
"732057","43.166666666666664","17","65","15.2","12","18","20.8","15","30","13.6","9","18","9.6","7","12","9","9","9","39.2","27","47","28","4","41","16.8","14","19","49.8","27","64","12.4","10","16","10","8","12"
"733057","41","16","64","15.2","12","18","20.8","15","28","14.2","8","19","8.6","1","13","8.6","8","9","38.8","21","51","26.8","6","41","16.2","13","18","49.4","27","64","12.2","10","16","10","8","12"
"734057","41","2","63","15.2","12","18","20.4","14","29","12.8","8","17","8.4","1","13","8.8","8","9","38.4","25","49","29.8","8","43","16","13","19","49.8","27","64","12.4","10","16","10","8","12"
"735057","41.333333333333336","18","63","15.2","12","18","18.8","9","30","14","9","19","8.6","1","13","8.8","8","9","36.2","24","50","29","12","41","16","13","18","49.8","27","64","12.2","10","15","10","8","12"
"736057","33.333333333333336","1","64","15.2","12","18","20","15","30","14.2","9","18","8.4","1","13","8.6","8","9","38.2","20","51","28.2","14","35","15","13","18","49.6","28","64","12.4","10","16","10","8","12"
"737057","33","1","66","15.2","12","18","18.4","8","26","13.6","8","18","8.6","1","13","8.8","8","9","36","27","53","31","18","46","15.6","12","20","50.2","28","64","12.4","10","16","10","8","12"
"738057","37.166666666666664","1","65","15","11","18","20","13","28","14.2","9","18","9","1","14","8.6","8","9","38.2","22","49","31.8","18","44","14.2","11","18","49.8","28","64","12.4","10","16","10","8","12"
"739057","36.5","8","66","15","11","18","20.8","15","30","14","10","18","9","1","13","8.6","8","9","38.6","23","53","35.4","22","45","14.8","10","18","50.4","28","64","12.6","10","16","10","8","12"
"740057","41.5","8","64","15","11","18","20.6","15","27","14.2","9","18","8.8","1","13","8.8","8","9","41.6","27","55","36","29","41","15.6","11","19","50.2","28","65","12.4","10","16","10","8","12"
"741057","42.833333333333336","16","60","15","11","18","21.2","15","30","13.6","9","17","9","1","13","8.6","7","9","40","29","56","35.4","21","43","15.4","11","20","50.2","29","64","12.4","10","16","10","8","12"
"742057","41.666666666666664","10","66","15.2","12","18","20.4","15","30","13.6","8","18","8.8","1","13","8.8","8","9","44.2","33","59","35.4","23","45","15.8","12","19","50","28","65","12.4","10","16","10","8","12"
"743057","41.5","10","65","15.2","12","18","20.8","15","29","13.4","9","19","8.6","1","12","8.4","7","9","36.2","16","58","38.6","30","46","15.6","11","20","50.4","29","64","12.6","10","16","10","8","12"
"744057","42.833333333333336","13","66","15","11","18","20.8","15","28","13.8","9","19","8.6","1","13","9","9","9","43.6","31","57","35.8","16","47","15.2","11","18","50.4","29","64","12.6","11","16","10","8","12"
"745057","44.5","6","67","15","11","18","21","15","28","13","9","18","9","1","14","8.8","8","9","38.2","17","60","37.8","29","48","16","11","20","50.2","29","65","12.4","10","16","10","8","12"
"746057","37.333333333333336","1","63","15.2","12","18","21.6","15","29","14.4","9","19","9","2","13","8.8","8","9","33.2","8","58","37.2","26","47","16.4","12","19","50","29","64","12.4","10","16","10","8","12"
"747057","47.666666666666664","27","68","15.2","12","18","20.8","13","28","14.6","9","20","9","2","13","8.6","8","9","39.4","15","60","37.8","26","47","15.8","11","18","50.2","30","64","12.8","11","16","10","8","12"
"748057","44.666666666666664","16","67","15.2","12","18","20.8","13","30","14.2","9","19","8.8","2","13","9","9","9","37.6","11","61","36.2","21","48","16","10","19","50.8","30","65","12.6","10","16","10","8","12"
"749057","47.5","30","63","15.2","12","18","20.8","14","29","14.2","9","18","8.8","1","13","8.8","8","9","42.2","25","59","38","30","47","15.4","11","18","50.8","30","65","12.4","10","16","10","8","12"
"750057","44","19","63","15","11","18","20.4","10","28","14","10","18","8.4","1","12","8.8","8","9","39.8","22","61","39.6","28","49","14.8","12","18","50.8","30","64","12.6","10","16","10","8","12"
"751057","44","26","67","15.2","12","18","20.8","15","30","13.4","9","19","8.4","1","12","8.8","8","9","37.8","9","59","37","21","48","15.2","10","18","50.6","30","65","12.4","10","16","10","8","12"
"752057","45.333333333333336","18","66","15.2","12","18","20.2","15","30","14.2","10","20","9","1","13","8.6","8","9","39.8","25","58","37.2","25","46","15.4","12","18","50.8","30","65","12.4","10","16","10","8","12"
"753057","46.333333333333336","15","67","15.2","12","18","20","10","30","14","10","18","8.6","1","12","8.8","8","9","42.6","25","56","37","23","49","13.8","6","18","51","30","65","12.8","11","16","10","8","12"
"754057","46","13","68","15.2","12","18","19.8","12","30","13.8","10","20","9.2","1","14","8.8","8","9","36.2","13","54","30.4","2","49","13.8","4","19","51.2","30","65","12.8","11","16","10","8","12"
"755057","47.333333333333336","17","67","15.2","12","18","21.6","14","30","14","10","19","8.4","1","12","8.8","8","9","39.4","26","52","36","29","49","14","7","19","51.2","30","65","12.4","10","16","10","8","12"
"756057","48.5","2","67","15.2","12","18","20.6","13","30","13.8","10","19","9","1","13","8.6","8","9","42.8","34","58","36.2","23","49","14.2","5","19","50.8","30","65","12.6","11","16","10","8","12"
"757057","47","23","64","15.2","12","18","21","15","30","14.2","9","18","8.8","1","14","8.6","8","9","42","29","59","37.8","29","49","13.4","3","18","51","30","65","12.6","11","16","10","8","12"
"758057","44.333333333333336","8","67","11.8","0","18","20.6","14","30","13.8","10","19","8.8","1","12","8.8","8","9","38.8","24","55","37.8","26","49","14","5","18","51.4","31","65","12.6","11","16","10","8","12"
"759057","46.333333333333336","22","68","15.2","12","18","20.2","14","30","15","11","20","9.4","1","14","8.8","8","9","38.6","19","58","37.4","20","48","14.4","3","20","51.2","31","65","12.8","11","16","10","8","12"
"760057","48.666666666666664","11","63","15.2","12","18","19.4","14","27","13.2","10","18","8.4","1","12","9","9","9","38.4","20","57","38","30","49","13.2","3","20","51.2","31","65","12.6","11","16","10","8","12"
"761057","50","18","65","15.2","12","18","20.8","14","29","14.2","10","19","8.8","1","12","8.8","8","9","39.4","21","55","26.2","1","39","14.4","7","19","51.2","32","65","12.6","10","16","10","8","12"
"762057","51.833333333333336","27","69","15","11","18","21.6","15","29","12.4","8","18","8.8","1","13","8.8","8","9","41.4","30","54","35","19","49","13.8","3","19","51.2","31","65","12.8","11","16","10","8","12"
"763057","47.5","16","69","15.2","12","18","21.4","15","29","15","11","19","8.6","1","12","9","9","9","40.2","23","58","36.4","21","47","13.6","3","19","51.6","32","65","12.6","11","16","10","8","12"
"764057","53.833333333333336","26","68","15.2","12","18","21.2","13","30","15","10","19","9","1","13","8.8","8","9","42.8","33","55","39.4","29","48","13.6","3","20","51.2","31","65","12.8","11","16","10","8","12"
"765057","46.666666666666664","19","66","15.2","12","18","21","15","28","15","11","19","9","1","12","8.6","8","9","42","29","60","36.6","21","49","13.4","3","19","51.8","32","65","12.8","11","16","10","8","12"
"766057","47.833333333333336","23","67","15.2","12","18","20.6","13","29","15","12","19","9.2","1","14","8.8","8","9","43.8","33","59","38.4","24","49","13.6","5","19","51.6","32","65","12.8","11","16","10","8","12"
"767057","46.166666666666664","3","69","15.2","12","18","21.2","15","30","14.8","11","19","9.2","2","13","9","9","9","36.6","19","58","37.2","26","50","14.4","3","19","51.6","32","65","12.8","11","16","10","8","12"
"768057","46.666666666666664","21","69","15.2","12","18","20.8","13","29","15.2","12","19","8.8","1","13","9","9","9","38.6","12","55","36.4","19","49","14.4","7","19","51.8","32","65","12.6","10","16","10","8","12"
"769057","45.5","20","68","15.2","12","18","19.8","13","29","15.4","12","20","9.2","2","13","8.6","8","9","39","23","59","31.6","2","49","13.4","3","18","52","33","65","12.8","11","16","10","8","12"
"770057","45.833333333333336","24","71","15.2","12","18","20.8","15","29","15","10","19","9.4","2","13","8.8","8","9","33.2","2","55","37","21","50","13.6","3","20","52","33","65","12.8","11","16","10","8","12"
"771057","45.166666666666664","2","70","15.2","12","18","20.8","15","27","14.6","10","19","9.6","2","14","8.8","8","9","41.4","25","60","38.2","26","49","13.2","3","19","51.8","33","65","12.8","11","16","10.2","8","12"
"772057","46.666666666666664","7","68","15.4","12","19","20","12","29","15","11","18","9.4","2","13","8.8","8","9","40.4","26","60","39","28","50","13.8","3","18","52.2","34","65","12.8","11","16","10","8","12"
"773057","49.833333333333336","7","66","15.4","12","19","21","15","28","15.2","12","18","8.8","1","13","9","9","9","38.4","17","59","39.2","29","50","13.8","6","18","52.2","33","66","12.6","10","16","10","8","12"
"774057","40.833333333333336","1","69","15.4","12","19","19.2","10","27","15.8","12","20","9.2","2","13","8.8","8","9","37.6","0","59","36.8","19","49","13.6","3","18","52","33","65","12.8","11","16","10","8","12"
"775057","46.833333333333336","34","70","12","0","19","19.6","14","27","15.8","12","19","9.4","2","13","8.6","8","9","37","5","62","37.2","23","50","14.4","5","19","52.2","34","65","12.4","10","16","10.2","8","12"
"776057","44.833333333333336","5","64","15.4","12","19","19.8","12","29","15","10","20","9.6","2","14","9","9","9","39.8","20","60","39.2","25","49","14.8","7","20","52.2","34","65","12.6","11","16","10","8","12"
"777057","36.166666666666664","0","69","15.6","12","19","20.2","15","28","14.4","9","19","9.2","2","13","8.8","8","9","42.2","25","62","39.2","27","50","14.4","6","19","53","35","66","12.6","10","16","10.2","8","12"
"778057","42.666666666666664","10","68","15.4","12","19","20.4","15","29","15.6","11","21","9.2","2","13","8.8","8","9","43.2","31","62","36.6","13","50","14.2","5","20","53","36","65","12.8","10","17","10","8","12"
"779057","46","10","66","15.4","12","19","20.6","15","29","14","10","20","9.6","2","13","8.8","8","9","41","21","61","39","29","50","15","8","20","52.6","35","65","12.8","10","17","10.2","8","12"
"780057","47.5","10","65","15.4","12","19","19.8","13","28","15.2","12","19","9.2","2","13","9","9","9","40.6","22","61","37","19","50","14.2","6","20","52.4","35","65","12.8","11","17","10","8","12"
"781057","43.333333333333336","8","66","15.4","12","19","20.6","15","27","14.8","12","20","9.4","2","14","9","9","9","40.6","23","62","39","23","50","14.8","6","20","53.2","36","66","12.8","11","16","10","8","12"
"782307","48.333333333333336","2","76","15.6","12","19","18.4","9","27","15","12","19","9.2","2","12","8.8","8","9","38","18","62","35.8","30","50","14.4","7","20","53","32","69","12.8","10","17","10.2","8","12"
"783307","47","0","89","15.6","12","19","18.6","11","28","14.2","7","20","9","2","13","8.8","8","9","40.4","24","62","36.6","29","49","14.6","9","19","53","29","69","12.8","11","17","10","8","12"
"784307","55","15","95","15.6","12","19","21","15","30","14.4","10","20","9.2","2","14","8.8","8","9","40.6","22","66","34.8","27","49","14.6","10","19","53","27","69","12.8","11","17","10.2","8","12"
"785307","55.2","21","97","15.6","12","19","20.6","12","30","13.6","10","19","9.2","2","13","8.8","8","9","41","19","66","34.6","21","50","15.8","11","19","53.2","28","70","12.8","11","16","10.2","8","12"
"786307","57","21","94","15.4","12","19","21.8","14","31","13.6","10","18","9","2","13","9","9","9","40.4","26","65","36.2","23","49","15.8","12","20","53.6","28","71","13","11","17","10.2","8","12"
"787307","58.8","20","96","15.6","12","19","21","15","30","13.8","10","18","9.4","2","14","8.6","8","9","40.8","19","68","34.4","23","48","16.2","13","19","53.8","28","72","12.8","11","17","10.2","8","12"
"788307","55.2","21","99","15.6","12","19","20.4","13","30","13.6","9","18","9.2","2","14","9","9","9","41","12","69","35.6","25","51","15.6","11","19","54.6","25","73","12.6","11","16","10.2","8","12"
"789307","54","21","94","15.8","12","20","21","15","30","13.6","10","16","8.6","2","12","8.6","8","9","41.2","9","69","33.8","18","50","15","10","19","55.4","28","72","12.8","11","17","10.2","8","12"
"790307","44.2","5","84","15.6","12","20","21.4","15","30","14","10","18","9.2","2","14","9","9","9","41","16","69","36.6","26","51","14.6","10","18","56","28","74","12.8","10","17","10.2","8","12"
"791307","54.6","22","90","15.8","12","20","21.6","15","30","14.2","10","19","9","2","14","8.8","8","9","36.6","3","71","34.6","24","49","15.2","12","19","56.4","29","74","13","11","17","10.2","8","12"
"792307","56.4","21","96","15.8","12","20","21.2","15","30","13.8","10","18","9.2","2","14","8.6","8","9","43.2","29","69","36","23","50","15.4","11","18","57","26","77","12.8","10","17","10.2","8","12"
"793307","50.6","16","103","15.8","12","20","21.4","15","31","13.2","10","18","9.2","2","13","9","9","9","46.4","34","70","35.8","27","48","16","12","19","57.8","29","78","13","11","17","10.2","8","12"
"794307","59.2","21","96","15.8","12","20","21.4","15","30","14","10","19","9.2","2","14","9","9","9","43.8","28","74","34.8","18","50","15.4","12","19","59.2","29","81","12.8","10","17","10.2","8","12"
"795307","59.4","7","104","15.8","12","20","22.4","15","31","13.8","10","19","9.2","2","13","8.8","8","9","43.8","28","73","35","25","49","15.8","12","19","58.8","28","79","12.8","11","17","10.2","8","12"
"796307","57.8","20","110","15.8","12","20","21.2","14","31","14","9","19","9.2","2","14","8.8","8","9","44.2","28","71","33.8","21","49","16.4","12","19","59.6","29","80","13","11","17","10.2","8","12"
"797307","53.4","19","90","15.8","12","20","21.2","14","31","13","9","19","9.2","2","14","8.8","8","9","45.8","34","73","36.8","27","50","15.6","11","19","60.2","27","81","13","11","17","10.2","8","12"
"798307","52.2","1","100","15.8","12","20","21.2","14","31","13.8","11","18","8.6","2","14","8.8","8","9","40.8","21","75","38","27","49","16.6","13","18","60.6","28","81","12.8","11","17","10.2","8","12"
"799307","56.6","11","100","15.8","12","20","19.4","6","31","13.8","10","20","9","2","14","8.8","8","9","37.4","7","75","35.6","27","50","16","12","19","61.8","28","82","13","11","17","10.2","8","12"
"800307","56.8","20","101","15.8","12","20","21","14","31","12.8","10","17","8.4","2","13","8.8","8","9","43.2","24","76","36.6","24","50","16","13","18","62.8","27","87","13","11","17","10.2","8","12"
"801307","50.6","17","100","15.8","12","20","21.6","14","31","13.4","10","19","8.4","2","13","9","9","9","34.4","3","70","35.2","20","51","16.2","12","19","64.6","27","95","13","11","17","10.2","8","12"
"802307","49.4","1","98","15.8","12","20","22","15","31","10.6","1","19","9","2","13","9","9","9","39.8","16","73","36.8","26","51","16.8","12","19","65.2","27","98","13","11","17","10.2","8","12"
"803307","59.2","14","102","15.8","12","20","22","15","30","14","10","20","9.2","2","13","8.8","8","9","44.2","22","79","35.4","30","50","17","12","19","66.8","29","101","13","11","17","10","7","12"
"804307","51.8","6","107","15.8","12","20","21.4","15","30","14.2","11","19","9","2","13","9","9","9","43.8","21","74","34.6","16","46","16.4","12","19","67.4","29","104","12.8","11","17","10.2","8","12"
"805307","49.6","1","109","15.8","12","20","21.2","15","30","13.4","10","20","9.2","2","13","9","9","9","44","25","77","33.2","13","51","16.4","12","18","68.2","29","107","13","11","17","10.2","8","12"
"806307","50.2","1","107","15.8","12","20","20.4","15","26","14","10","20","9","2","13","8.4","8","9","35","16","67","35.4","22","49","16.8","13","19","69.2","29","110","12.8","10","17","10.2","8","12"
"807307","60","19","107","15.8","12","20","21.4","14","29","13.2","10","17","9.2","2","13","8.6","8","9","39","16","69","35.4","17","52","16.6","13","20","69.8","29","112","13","11","17","10.2","8","12"
"808307","55.2","5","99","15.8","12","20","21.6","14","31","13.2","10","18","8.8","2","13","8.8","8","9","41.6","22","72","37.6","30","52","16.6","13","19","70","28","113","13","11","17","10.2","8","12"
"809307","51.8","2","108","15.8","12","20","21.6","15","28","14.4","11","20","8.8","2","14","8.8","8","9","34","0","70","34.8","19","50","16.8","13","19","70.4","29","114","13","11","17","10.2","8","12"
"810307","64.4","21","102","15.8","12","20","20.8","16","28","12.8","8","20","9.2","2","13","8.6","8","9","41.4","13","73","36.6","25","52","17.4","13","20","71.6","30","117","13","11","17","10.2","8","12"
"811307","61.2","1","110","15.8","12","20","22.4","15","31","12.8","8","20","9.2","2","13","8.6","8","9","36.2","6","69","35.8","16","51","17.2","12","19","71.8","29","118","12.8","10","17","10.2","8","12"
"812307","57.4","15","102","15.8","12","20","21.4","15","31","12.6","9","19","8.8","2","13","8.6","8","9","39.4","22","71","31","1","52","17.2","13","19","72.2","29","119","13","11","17","10.2","8","12"
"813307","48.6","12","104","16","12","21","21.6","15","30","12.8","9","20","9.6","2","14","8.6","8","9","41.8","14","69","36.2","19","53","17","13","20","72.4","29","119","13","11","17","10.2","8","12"
"814307","56.2","5","112","15.8","12","20","22.2","15","31","12.6","8","18","9","2","12","8.4","8","9","41.4","18","71","34.6","9","54","17.2","12","20","72.8","29","121","13","11","17","10.2","8","12"
"815307","62.6","11","97","16","12","21","21.8","16","29","12.8","9","19","9","2","13","8.8","8","9","40.8","26","67","36.4","21","53","17","10","20","73.4","31","121","13","11","17","10.2","8","12"
"816307","51","10","110","16","12","21","21.8","16","31","12.6","9","19","9.2","2","14","8.4","8","9","42.4","29","72","36.4","22","51","17.4","12","20","73.6","29","121","13","11","17","10.2","8","12"
"817307","49.6","0","108","15.8","12","20","22","16","29","12.2","8","18","8.6","2","12","8.8","8","10","43","28","73","37.2","23","50","17.6","13","19","74.2","29","123","13","11","17","10.2","8","12"
"818307","59.2","14","114","16","12","21","22","16","28","12.4","8","18","9.2","2","13","8.6","8","9","44.2","29","69","37.8","28","51","17","13","18","74.2","29","123","13","11","17","10.2","8","12"
"819307","64.8","13","114","16","12","21","22","16","30","13.2","9","20","9.2","2","13","8.4","8","9","44","28","75","37","17","51","17.2","13","20","74.8","29","125","13","11","17","10.2","8","12"
"820307","54","10","92","16","12","21","20.6","14","31","13.2","9","20","8.6","2","13","8.6","8","9","45","30","77","37.8","26","53","17","13","20","75.4","31","125","13","11","17","10.2","8","12"
"821307","59.2","16","121","16","12","21","21","15","31","13","9","18","9","2","13","8.4","8","9","44","26","71","34","15","51","17.6","13","20","74.8","27","125","13","11","17","10.2","8","12"
"822307","53","6","111","16","12","21","20.6","16","31","13.2","9","20","8.8","2","13","8.6","8","9","46.2","31","72","36","21","54","17.8","13","20","75.2","28","126","13.2","11","17","10.2","8","12"
"823307","62.6","16","104","16","12","21","20.4","16","28","12.8","9","18","9.6","2","14","8.8","8","9","40.2","15","74","36.8","15","54","17.2","13","19","76.2","29","127","13","11","17","10.2","8","12"
"824307","66.4","18","114","16","12","21","19.8","12","28","12.8","9","19","9.4","2","14","8.4","8","9","43.8","28","78","34.8","12","54","16.4","12","19","76","30","126","13","11","17","10.2","8","12"
"825307","61.4","13","112","16","12","21","21.2","13","29","12.8","8","20","9","2","13","8.6","8","9","43","25","81","37.2","26","50","17","12","20","76.6","29","127","13","11","17","10.2","8","12"
"826307","61.8","7","114","16","12","21","21","16","29","11.6","3","19","9.2","2","14","8.8","8","9","33.4","1","71","36.6","16","53","17.8","13","20","76.8","30","128","13","11","17","10.2","8","12"
"827307","47.4","7","95","16","12","21","20.8","13","28","13","9","20","8.6","2","13","8.8","8","9","38.8","19","70","36.2","24","46","16.8","12","19","77","30","128","13.2","11","17","10.2","8","12"
"828307","61.2","16","113","16","12","21","20.8","12","29","13","9","19","9.4","2","14","8.6","8","9","43.6","23","76","37.4","17","50","17.4","13","20","77.6","29","128","13.2","11","17","10.2","8","12"
"829307","62","12","112","16.2","12","21","20.6","13","30","12.6","10","17","9.4","2","13","8.2","8","9","41.4","12","80","36.8","16","50","17.4","13","19","77.6","29","128","13.2","11","17","10.2","8","12"
"830307","56.4","1","109","16","12","21","21.4","15","30","13","9","20","9.4","2","13","9","9","9","44","25","77","37.4","22","50","18.4","13","20","78.2","29","128","13","11","17","10.2","8","12"
"831307","61.4","21","108","16","12","21","21","16","30","13.6","10","19","9.4","2","14","8.8","8","9","41.6","20","76","34.8","13","50","17.6","13","20","77.8","27","128","13","11","17","10.2","8","12"
"832307","64.4","20","116","16.2","12","21","21.8","16","31","12.8","10","18","9","2","13","8.6","8","9","41.4","17","70","35.8","14","52","17.8","13","20","78","28","128","13.2","11","17","10.2","8","12"
"833307","60.8","17","108","16.2","12","21","22.6","15","31","12.6","10","16","9.2","2","13","8.6","8","9","39","9","64","34.8","10","50","18","13","20","79","30","128","13","11","17","10.2","8","12"
"834307","65","21","115","16.2","12","21","22.8","15","31","12.8","10","17","9.4","2","14","8.6","8","9","45.2","31","69","37.6","22","48","17.2","13","20","78.8","28","128","13","11","17","10.2","8","12"
"835307","70.8","21","111","16.2","12","21","22","15","31","13","10","17","9.2","2","14","8.6","8","9","42.2","26","67","39.4","27","51","17.2","13","20","78.8","29","128","13","11","17","10.2","8","12"
"836307","71","18","112","16","12","21","22","12","31","13.6","10","19","9.2","2","13","8.8","8","9","40","22","70","38.2","25","52","18.2","14","20","79.2","30","128","12.8","11","17","10.2","8","12"
"837307","67","16","115","16.2","12","21","22.8","16","31","13","9","20","9.2","2","13","8.6","8","9","42.4","28","68","38","28","50","18.4","13","21","79.2","29","128","13","11","17","10.4","8","12"
"838307","69.6","19","121","16.2","12","21","21.8","14","31","13","10","19","9","2","12","8.8","8","9","40.6","7","67","38.2","24","53","17.4","13","20","80","29","128","13","11","17","10.2","8","12"
"839307","63","22","115","16","12","21","22","15","31","13","9","19","9.2","2","14","8.8","8","9","41.6","20","66","36.4","27","44","17.4","13","20","80","29","128","13.2","11","17","10.4","8","12"
"840307","63","22","109","16.2","12","21","22.8","15","31","13.6","9","20","9","2","13","8.4","8","9","42.6","14","80","37.8","25","47","17.2","13","20","80.6","30","128","13.2","11","17","10.2","8","12"
"841307","67.6","22","115","16.2","12","21","21.8","14","30","14.4","10","21","9.6","2","14","8.8","8","9","46.6","24","81","39","28","49","16.8","11","19","80.4","31","128","13","11","17","10.2","8","12"
"842307","65.2","22","105","16.2","12","21","22.4","15","28","13.8","10","18","9.2","2","14","8.6","8","9","47.6","26","88","38","25","52","17.8","13","21","80.8","29","128","13.2","11","17","10.2","8","12"
"843307","65.8","20","111","16","12","21","21.4","15","29","13.4","10","20","9.2","2","13","8.4","8","9","47.6","26","88","36.4","24","52","17.4","13","20","80.8","28","128","13.2","11","17","10.2","8","12"
"844307","67","22","109","16","12","21","21.6","15","30","14.2","10","20","9.2","2","14","8.8","8","9","43.2","20","79","37.6","27","55","17.6","13","20","81.2","29","128","13","11","17","10.4","8","12"
"845307","66.4","22","114","16.2","12","21","22","14","31","13.4","10","19","9","2","13","8.6","8","9","46","24","88","37.4","23","53","17.6","14","20","81.6","30","128","13.2","11","17","10.4","8","12"
"846307","57.6","22","111","16","12","21","21.8","16","31","14.2","10","20","9.4","2","13","8.8","8","9","43","20","87","35.8","15","56","17.8","13","20","81","29","128","13.2","11","17","10.4","8","12"
"847307","58","22","105","16.4","12","22","22","15","31","13.6","10","18","9.4","2","14","8.6","8","9","45.4","26","85","36","19","55","17","14","20","82.4","31","128","13.2","11","17","10.4","8","12"
"848307","63.4","14","111","16.2","12","21","22.4","16","31","14.4","11","18","9.6","2","14","8.8","8","9","45","12","88","36.2","15","53","18","13","21","82","29","128","13.2","11","17","10.4","8","12"
"849307","66.2","22","122","16.4","12","22","21.2","15","28","14","11","19","9.4","2","14","8.6","8","9","44.6","19","82","33","1","56","17","14","18","82.8","30","128","13.2","11","17","10.4","8","12"
"850307","65.2","22","117","16.2","12","21","20.8","16","30","13.4","9","20","9.4","2","13","8.6","8","9","48.2","31","90","35.4","27","54","17.2","13","19","82.6","29","128","13.2","11","17","10.4","8","12"
"851307","64.2","22","111","16.4","12","22","20","16","30","14.4","10","20","9.4","2","14","8.6","8","9","42.8","21","86","37.8","29","55","16.8","13","20","83.2","31","128","13.2","11","17","10.4","8","12"
"852307","64.2","22","111","16.4","12","22","20.8","16","30","13.8","11","17","9.4","2","14","8.6","8","9","42.6","13","83","38.8","26","55","17","13","20","83.8","32","128","13.2","11","17","10.4","8","12"
"853307","65.6","22","111","16.4","12","22","22","15","30","14.4","11","18","9.4","2","14","8.8","8","9","47.8","21","93","37","18","56","16.4","13","20","84","32","128","13.4","11","17","10.6","8","13"
"854307","61.2","22","114","16.4","12","22","22","16","30","14.4","10","19","9.4","2","13","8.6","8","9","45","18","86","39","27","53","16.6","14","20","84.8","32","128","13.2","11","17","10.6","8","13"
"855307","64.4","22","117","16.4","12","22","22.4","16","29","14.4","11","19","9.4","2","13","8.4","8","9","42.4","21","82","37.6","24","53","15.2","11","19","84.6","30","128","13.4","11","17","10.6","8","13"
"856307","72","22","116","16.4","12","22","22.4","16","31","13.2","7","18","9.6","2","14","8.8","8","9","47.6","28","87","39.4","21","56","16.8","14","19","85","32","128","13.2","11","17","10.6","8","13"
"857307","68","22","111","16.4","12","22","22.6","16","31","13.2","9","18","9.2","2","13","8.4","8","9","42.8","11","89","38","25","56","14.2","1","20","85.4","33","128","13.4","11","17","10.6","8","13"
"858307","62.2","21","108","16.4","12","22","21.8","16","30","14.4","11","20","9.4","2","14","8.6","8","9","45.2","26","89","32.8","17","58","16.6","12","20","85.8","32","128","13.2","11","17","10.6","8","13"
"859307","68.4","22","117","16.4","12","22","22.2","16","31","15","11","21","9.4","2","13","8","7","9","45.4","21","92","35.8","19","58","17.2","14","20","85.4","33","128","13.2","11","17","10.6","8","13"
"860307","55.4","2","108","16.4","12","22","22","16","31","15","11","19","9.2","2","14","8.6","8","9","39.4","19","71","37","20","54","17.8","14","20","86.2","33","128","13.2","11","17","10.6","8","13"
"861307","66.8","22","119","16.4","12","22","21.8","16","31","15","11","20","9.8","2","14","8.6","8","10","42.4","22","84","33.8","10","58","18.2","15","20","87","34","128","13.2","11","17","10.6","8","13"
"862307","72.8","22","123","16.4","12","22","21.2","15","30","14.4","10","21","9.2","2","13","8.6","8","9","47.4","27","91","36.8","23","59","16.8","12","20","88","34","128","13.2","11","17","10.6","8","13"
"863307","71","22","115","16.4","12","22","22.6","16","31","14.8","11","19","9.6","2","14","8.4","8","9","44.8","21","88","37.8","18","54","17.8","13","20","88.2","33","128","13.4","11","17","10.6","8","13"
"864307","72.4","22","117","16.4","12","22","21.8","14","31","14","9","19","9.2","2","13","8.6","8","9","42.4","10","87","41.8","27","58","18","14","21","88.6","35","128","13.2","11","17","10.6","8","13"
"865307","65","22","118","16.4","12","22","22","16","31","14.2","10","19","9.2","2","13","8.4","8","9","45.8","23","86","40.4","23","60","18","13","20","88.8","35","128","13.2","11","17","10.6","8","13"
"866307","62.8","10","117","16.4","12","22","22","16","31","14.4","10","19","8.6","2","12","8.2","8","9","43.4","19","80","39.6","15","59","17.6","14","20","89.6","36","128","13.2","11","17","10.6","8","13"
"867307","67.4","22","118","16.4","12","22","22.2","16","31","14.6","10","20","9","2","12","8.2","8","9","30.4","1","53","38","19","55","18.2","14","20","90","35","128","13.4","11","17","10.6","8","13"
"868307","68.4","18","120","16.4","12","22","21.2","10","31","14.6","10","19","9.6","2","14","8.6","8","9","42.6","22","88","41.8","27","58","17.8","13","20","89.8","37","128","13.4","11","17","10.6","8","13"
"869307","64.2","22","123","16.4","12","22","21.8","15","31","14.4","10","18","9.2","2","12","8.6","8","9","46.6","29","87","38","27","51","17.2","14","19","91.2","35","128","13.2","11","17","10.6","8","13"
"870307","69.4","22","115","16.4","12","22","22","15","31","13.8","8","20","8.6","2","11","8.8","8","9","45.6","29","87","36.8","14","52","17.8","15","20","90.4","34","128","13.2","11","17","10.6","8","13"
"871307","73.2","22","118","16.4","12","22","21.2","15","30","13.8","10","18","9","2","13","8.6","8","9","44.6","25","87","41.8","28","57","17.4","13","20","90.6","33","128","13.4","11","17","10.6","8","13"
"872307","71.2","22","125","16.4","12","22","20.8","16","29","15.2","10","19","9","2","12","8.4","8","9","43.6","24","87","39.6","23","57","18.2","13","20","91.4","35","128","13.2","11","17","10.6","8","13"
"873307","68.4","22","121","16.4","12","22","21.4","16","30","14.4","8","19","9.2","2","13","8.4","8","9","42.8","17","85","35.6","12","56","16.8","13","19","91","31","128","13.4","11","17","10.6","8","13"
"874307","68.6","23","122","16.4","12","22","21.2","16","30","15.2","10","21","9","2","13","8.4","8","9","44","25","82","38.2","14","57","18","13","20","91.8","34","128","13.2","11","17","10.6","8","13"
"875307","74","21","117","16.4","12","22","20.4","16","30","15","11","19","9.4","2","14","8.6","8","9","47.2","23","89","32.4","14","47","18","14","19","92.4","35","128","13.4","11","17","10.6","8","13"
"876307","64.4","22","121","16.6","12","22","20.2","14","30","15.4","10","20","9.2","2","13","8.6","8","9","45.4","24","91","38.4","21","52","17","13","20","92.4","34","128","13.4","11","17","10.6","8","13"
"877307","67","23","124","16.4","12","22","21","15","30","16.2","11","21","9","2","13","8.4","8","9","45.6","18","90","41","17","55","17.6","14","20","93","35","128","13.2","11","17","10.6","8","13"
"878307","72.4","23","123","16.4","12","22","20.8","13","29","15.2","11","20","9","2","13","8.4","8","9","46.6","27","86","38","19","52","16.4","14","18","67.6","0","117","13.2","11","17","10.6","8","13"
"879307","60.8","1","121","16.4","12","22","21.8","16","30","14.8","9","20","8.8","2","13","8.4","8","9","42.4","17","85","39.2","22","52","17.4","13","19","93.8","36","128","13.4","11","17","10.6","8","13"
"880307","68.2","23","124","16.4","12","22","21.4","16","31","14.8","10","18","8.8","2","12","8.6","8","9","37.2","14","70","29.8","1","53","17.2","13","20","94","35","128","13.4","11","17","10.6","8","13"
"881307","74.8","23","119","16.4","12","22","21.2","17","29","14.8","10","19","9.6","2","13","8.4","8","9","50.8","29","89","30.2","1","57","16.8","13","19","94.8","36","128","13.2","11","17","10.6","8","13"
"882307","65.6","2","122","16.6","12","22","21","15","28","16","10","21","9.4","2","13","8.4","8","9","45","22","96","33.6","1","59","17","13","20","95.6","36","128","13.4","11","17","10.6","8","13"
"883307","67.8","23","106","16.6","12","22","22","17","29","15","10","19","9.6","2","13","8.4","8","9","46","16","92","28.6","1","54","16.8","15","20","95.6","35","128","13.4","11","17","10.6","8","13"
"884307","57.2","23","102","16.8","12","23","21.8","16","30","16.2","10","21","9","2","12","8.4","8","9","47.2","17","94","32","1","55","16.4","11","20","95.6","35","128","13.2","11","17","10.6","8","13"
"885307","66.8","23","123","16.6","12","22","22.2","16","29","15.2","10","20","8.8","2","13","8.4","8","9","42.6","15","84","30.6","1","49","17","13","19","96.4","36","128","13.4","11","17","10.6","8","13"
"886307","62.8","17","118","16.8","12","23","22.4","17","29","15","10","18","9","2","13","8.6","8","9","46.4","21","84","30","1","49","17","14","20","98.2","37","128","13.4","11","17","10.6","8","13"
"887307","66.6","23","110","16.8","12","23","22.4","15","30","15.8","10","21","9.4","2","13","8.6","8","9","46","9","93","32","1","58","17.2","14","19","80.2","0","128","13.2","11","17","10.6","8","13"
"888307","63.6","23","121","16.6","12","22","21.6","15","29","15.8","10","21","9.2","2","13","8.6","8","9","42","20","85","33.2","1","59","16.4","13","18","98.2","37","128","13.4","11","17","10.6","8","13"
"889307","60","23","113","16.8","12","23","22","17","30","15.8","10","21","9.4","2","13","8.4","8","9","45.2","22","83","32","1","59","17.6","15","20","98.2","35","128","13.4","11","17","10.6","8","13"
"890307","64","23","121","16.6","12","22","21.6","15","30","15.4","10","20","9.2","2","13","8.4","8","9","43.2","14","87","31.4","1","63","17.8","15","20","99.2","37","128","13.4","11","17","10.6","8","13"
"891307","71.5","21","123","16.8","12","23","21.6","17","27","15","10","19","9","2","13","8.8","8","9","39.8","7","89","32","1","59","17","14","19","99.6","35","128","13.4","11","17","10.6","8","13"
"892307","79","23","123","17","12","23","21.6","16","29","14.6","10","19","9","2","13","8.8","8","9","46","22","98","32.2","1","60","17.4","13","21","100","38","128","13.4","11","17","10.6","8","13"
"893307","78.25","23","120","16.8","12","23","21.2","16","29","15.4","10","20","9","2","13","8.8","8","9","43.2","18","97","32","1","63","13.6","1","19","100.2","36","128","13.4","11","17","10.6","8","13"
"894307","73","23","120","17","12","23","21","17","28","15","10","20","9.2","2","12","8.4","8","9","48.8","22","96","31.6","1","63","16.6","13","19","100","34","128","13.4","11","17","10.6","8","13"
"895307","76","23","125","17","12","23","22","17","29","16.4","10","21","9","2","13","8.6","8","9","46.2","20","89","31.6","1","60","17.2","15","19","100","35","128","13.4","11","17","10.6","8","13"
"896307","75.5","23","122","16.8","12","23","21.2","17","30","15","10","20","9","2","13","8.4","8","9","48.4","27","88","31","1","63","17.4","13","20","99.4","31","128","13.4","11","17","10.6","8","13"
"897307","73.25","23","123","16.8","12","23","21.2","15","28","15.4","10","19","9.4","2","13","8.6","8","9","48.6","30","81","34","1","62","16.8","12","20","99.8","31","128","13.4","11","17","10.6","8","13"
"898307","76","23","125","16.6","12","22","20.8","17","29","15.8","10","21","9","2","13","8.6","8","9","45.4","19","88","31","1","62","16","13","20","100.4","32","128","13.4","11","17","10.6","8","13"
"899307","72.75","23","122","16.8","12","23","21.4","15","29","15.8","10","21","9","2","13","8.6","8","9","49.4","27","95","28.8","1","54","17","14","19","101","33","128","13.4","11","17","10.6","8","13"
"900307","68","1","125","17","12","23","20.8","15","29","15.6","10","21","9","2","13","8.8","8","10","47.6","22","91","31.8","1","56","16.8","14","19","100.6","30","128","13.4","11","17","10.6","8","13"
"901307","69.25","16","121","17","12","23","21.6","16","29","15.8","11","19","9.2","2","13","8.6","8","9","40.6","15","86","32.4","1","57","17","13","21","100.8","29","128","13.2","11","17","10.6","8","13"
"902307","71.5","23","118","17","12","23","21","11","29","14.6","9","21","8.6","2","12","8.4","8","9","43.4","26","72","39","25","59","16.6","15","19","101","31","128","13.4","11","17","10.6","8","13"
"903307","73.75","23","117","16.8","12","23","21.2","16","28","15.6","11","21","9.4","2","13","8.6","8","9","45","27","72","33","1","63","17.6","13","21","101.2","29","128","13.4","11","17","10.6","8","13"
"904307","69.5","23","123","17","12","23","20.4","9","28","13.8","3","19","9","2","13","8.8","8","10","45.6","26","73","26","1","65","17.6","14","19","101.8","28","128","13.4","11","17","10.6","8","13"
"905307","69.25","19","125","17","12","23","21.4","15","27","13.8","3","20","8.8","2","12","8.6","8","9","30.6","1","55","30.6","1","60","17.4","13","21","102.6","31","128","13.4","11","17","10.6","8","13"
"906307","69.25","23","118","16.8","12","23","21.8","16","31","14","3","20","9","2","14","8.4","8","9","32.4","1","55","30.2","1","61","17.4","13","19","102.8","30","128","13.4","11","17","10.6","8","13"
"907307","72.25","22","123","16.8","12","23","20.8","13","29","14.2","3","20","8.4","2","12","8.4","8","9","48.6","29","74","33.8","1","64","17.8","14","21","103","30","128","13.4","11","17","10.6","8","13"
"908307","64.75","16","120","17","12","23","19.6","5","31","13.8","3","20","9","2","13","8.6","8","9","38.8","19","59","31.8","1","63","18","15","20","103.2","30","128","13.4","11","17","10.6","8","13"
"909307","74.75","23","122","16.8","12","23","22.2","14","31","13.2","3","21","8.6","2","13","8.6","8","9","41.2","10","89","32.8","1","60","17.6","15","20","103.4","31","128","13.4","11","17","10.6","8","13"
"910307","77.25","22","128","17","12","23","21.6","16","29","14","3","21","9","2","13","8.4","8","9","45","23","91","33.2","1","66","17.8","15","20","104","31","128","13.4","11","17","10.6","8","13"
"911307","80.75","23","125","17","12","23","22.4","16","31","15","3","22","8.8","2","13","8.4","8","9","43","12","90","30.2","1","60","16.6","12","20","104.4","34","128","13.4","11","17","10.6","8","13"
"912307","66.5","19","118","17","12","23","21.2","11","31","14.6","3","22","8.8","2","13","8.6","8","9","43","18","85","31.6","1","65","17.8","15","21","104.6","31","128","13.4","11","17","10.6","8","13"
"913307","69.5","23","117","17.2","12","23","22.6","16","31","13.4","3","19","9.2","2","14","8.8","8","9","49.2","22","94","34.2","1","66","17.4","14","19","104","30","128","13.4","11","17","10.6","8","13"
"914307","80.5","23","127","17.2","12","23","21.4","16","29","13.8","3","20","9.2","2","13","8.6","8","9","46.2","17","96","34.2","1","64","17.4","14","20","103.6","30","128","13.4","11","17","10.6","8","13"
"915307","77.5","23","125","17.2","12","23","21.4","16","31","14","3","23","9","2","13","8.6","8","9","46.6","19","93","32.6","1","64","17.6","15","19","104.2","29","128","13.2","11","17","10.6","8","13"
"916307","76.25","23","122","17.2","12","23","20.6","11","31","14","3","19","9","2","13","8.4","8","9","45.6","18","101","32.2","1","63","17.4","12","20","103.4","25","128","13.4","11","17","10.6","8","13"
"917307","75.5","23","120","17.2","12","23","21.4","12","31","13.8","3","21","8.8","2","14","9","8","10","47.4","23","92","34","1","64","16.4","11","19","104.8","30","128","13.4","11","17","10.6","8","13"
"918307","48.25","1","120","17.2","12","23","21","14","31","13.8","3","20","8.6","2","13","8.8","8","9","47","20","97","35.6","1","64","18","14","20","103.8","26","128","13.4","11","17","10.6","8","13"
"919307","49.25","1","120","17.2","12","23","18.8","3","31","14.2","3","20","8.6","2","12","8.8","8","9","46.2","24","93","32.4","1","64","17.6","14","20","105","31","128","13.4","11","17","10.6","8","13"
"920307","46.25","1","121","17.2","12","23","20.2","5","31","14.6","3","21","9","2","14","8.6","8","9","48.4","19","105","30.6","1","62","18","14","20","105.6","30","128","13.4","11","17","10.6","8","13"
"921307","42.25","1","115","17.2","12","23","20","6","31","13.8","3","19","8.4","2","13","8.8","8","10","49.6","14","97","34.4","1","63","17","14","19","106","32","128","13.4","11","17","10.6","8","13"
"922307","38","1","104","17.2","12","23","19.6","4","31","14.4","3","21","8.6","2","13","8.6","8","10","51.4","29","103","34","1","66","18","15","20","105.2","30","128","13.4","11","17","10.6","8","13"
"923307","44","1","107","17.2","12","23","19","7","30","12.4","3","19","8.6","2","12","8.2","8","9","48.6","22","94","30.2","1","65","17.4","13","21","105","29","128","13.4","11","17","10.6","8","13"
"924307","36.75","1","105","17.2","12","23","21.2","12","31","12.8","3","21","8.8","2","14","8.8","8","9","51","31","95","31.2","1","65","16.6","14","20","105.4","29","128","13.4","11","17","10.6","8","13"
"925307","40.5","1","124","17.2","12","23","20.8","11","31","13.4","3","20","8.4","2","12","8.2","8","9","52.4","24","94","30","1","59","16.2","11","19","105","27","128","13.4","11","17","10.6","8","13"
"926307","38","1","123","17.2","12","23","20","10","31","13.6","3","21","8.4","2","12","8.6","8","9","25.6","0","53","28.6","1","65","17.8","14","20","105.2","27","128","13.4","11","17","10.6","8","13"
"927307","40.5","1","123","17.2","12","23","20.6","5","31","13.6","4","21","9","2","14","8.8","8","9","23.8","1","53","31","1","65","18.4","15","20","106.2","31","128","13.4","11","17","10.6","8","13"
"928307","46.5","1","127","17.2","12","23","21.4","8","31","13.8","4","21","8.8","2","13","8.4","8","9","41.2","24","73","31.4","1","63","17.8","13","20","105.2","28","128","13.4","11","17","10.6","8","13"
"929307","41.5","1","125","17.2","12","23","21.6","10","31","13.6","3","21","8.4","2","12","8.8","8","9","40","18","78","29.8","1","61","17.8","15","20","106.2","31","128","13.4","11","17","10.6","8","13"
"930307","69.25","7","128","17.2","12","23","21.6","13","31","13.6","3","21","9","2","13","8.6","8","9","41.6","22","66","31.4","1","66","17.4","15","20","106.2","31","128","13.4","11","17","10.6","8","13"
"931307","67","5","123","17.2","12","23","21.8","12","31","13.6","4","21","9","2","14","9","8","10","44.4","17","75","31.4","1","54","17.6","15","19","106.2","30","128","13.4","11","17","10.6","8","13"
"932307","73","9","124","17.2","12","23","20.6","8","31","13.4","4","21","8.6","2","13","8.6","8","9","37.2","17","65","30.8","1","65","18","14","20","106.4","32","128","13.4","11","17","10.6","8","13"
"933307","69.75","16","120","17.2","12","23","22.2","16","31","13","2","20","8.8","2","13","8.8","8","9","46.4","28","77","33","1","65","18","15","21","106.2","31","128","13.4","11","17","10.6","8","13"
"934307","62.75","6","126","17.4","12","23","20.2","10","31","13.6","2","21","8.6","2","12","8.8","8","10","42.8","22","74","28.8","1","55","18.6","14","21","106.2","30","128","13.4","11","17","10.6","8","13"
"935307","63.5","4","117","17.2","12","23","22","15","31","13.8","2","22","8.6","2","12","8.6","8","9","42.6","22","68","32","1","66","18.6","14","21","106.4","31","128","13.4","11","17","10.6","8","13"
"936307","71.5","9","123","17.2","12","23","20.2","9","31","13.2","2","20","8.8","2","13","8.8","8","9","42.6","18","71","32","1","64","18","14","21","107","32","128","13.4","11","17","10.6","8","13"
"937307","74.25","11","126","17.2","12","23","19.2","8","31","13","2","21","9","2","13","8.6","8","9","41.8","19","77","35.2","1","67","18.4","15","21","106.2","28","128","13.4","11","17","10.6","8","13"